#	Position F1	Position F2	Assign F1	Assign F2	Height	Volume	Line Width F1 (Hz)	Line Width F2 (Hz)
1	8.93650	121.41168	 2IleH	 2IleN	1.38621e+08	8.87089e+08	22.80168	31.74973
2	8.95579	123.23276	 3ValH	 3ValN	6.68151e+07	4.26187e+08	24.72625	27.49234
3	8.43654	122.45924	 4GlnH	 4GlnN	1.46147e+08	8.73937e+08	21.62700	28.14007
4	8.96189	124.92070	 5AsnH	 5AsnN	1.37007e+08	8.79737e+08	22.74072	30.54893
8	8.19536	117.57913	 6IleH	 6IleN	1.36431e+08	8.83675e+08	23.20275	30.04622
10	7.55173	118.81367	 7GlnH	 7GlnN	9.06816e+07	6.02727e+08	26.26426	31.15839
11	8.23006	108.12433	 8GlyH	 8GlyN	1.03273e+08	6.63054e+08	24.48580	28.66030
12	7.99457	120.47019	 9GlnH	 9GlnN	1.61172e+08	1.03923e+09	24.61352	31.18813
13	8.53912	120.92392	 10MetH	 10MetN	1.63599e+08	9.78246e+08	20.23365	26.47734
14	9.12171	120.26843	 11ValH	 11ValN	5.86247e+07	3.77942e+08	23.18921	33.60879
15	8.77970	121.78506	 12HisH	 12HisN	1.82137e+08	1.17284e+09	23.82057	33.13017
16	7.98961	125.80557	 13GlnH	 13GlnN	1.06297e+08	7.36825e+08	26.36973	34.13302
17	8.36840	125.45383	 14AlaH	 14AlaN	1.34770e+08	8.77639e+08	22.16112	34.07589
18	8.32601	121.70957	 15IleH	 15IleN	1.07459e+08	7.46326e+08	26.30539	35.20209
19	8.52087	123.55747	 16SerH	 16SerN	1.16553e+08	7.77122e+08	25.62322	28.35763
20	7.99618	116.14580	 18ArgH	 18ArgN	5.10841e+07	3.73932e+08	31.27550	44.11674
22	7.73061	119.63652	 19ThrH	 19ThrN	5.99002e+07	4.13444e+08	25.90286	41.26048
23	8.07029	121.16127	 20LeuH	 20LeuN	4.11941e+07	3.04872e+08	35.58862	34.71309
27	8.32003	118.37977	 24ValH	 24ValN	1.96910e+07	1.26368e+08	25.71079	29.44285
30	7.30935	120.19415	 27ValH	 27ValN	1.74476e+07	1.04979e+08	36.77684	29.69813
31	8.25208	119.80442	 28GluH	 28GluN	2.97572e+07	2.27173e+08	34.56392	44.62850
32	8.09622	116.06708	 29GluH	 29GluN	1.90753e+07	1.35163e+08	33.71194	34.24990
34	7.87341	123.48224	 31AlaH	 31AlaN	3.26716e+07	2.22123e+08	30.27209	27.27443
35	7.18014	114.42432	 33SerH	 33SerN	5.30440e+07	3.54551e+08	24.66626	33.04350
41	7.48358	119.12032	 37IleH	 37IleN	3.23941e+07	2.42496e+08	32.59968	43.30593
43	8.82589	120.75436	 40PheH	 40PheN	1.75468e+07	1.20828e+08	25.09007	27.97890
47	7.87904	116.62908	 43LeuH	 43LeuN	2.11101e+07	1.50189e+08	35.32930	39.85870
48	7.15847	109.43811	 44SerH	 44SerN	4.51848e+07	3.01626e+08	26.72678	32.45449
49	7.12846	125.38170	 45GluH	 45GluN	3.62025e+07	2.60911e+08	40.31006	35.22837
50	9.36060	115.61573	 46GlyH	 46GlyN	7.60794e+07	5.13210e+08	25.76474	36.11648
51	7.48701	119.88783	 47AlaH	 47AlaN	7.40493e+07	5.07162e+08	31.18503	33.38087
52	8.78556	109.12251	 48ThrH	 48ThrN	7.69902e+07	5.24090e+08	26.12638	31.82423
55	8.11374	120.02345	 52LeuH	 52LeuN	3.41253e+07	2.36445e+08	59.24324	37.23717
56	8.69974	117.89075	 53AsnH	 53AsnN	3.95830e+07	2.77813e+08	31.49128	38.45775
57	8.49141	119.96990	 54ThrH	 54ThrN	5.02125e+07	3.52568e+08	32.86674	68.20703
58	7.98069	120.03948	 55MetH	 55MetN	5.87126e+07	4.42645e+08	33.72984	83.56994
59	8.64409	121.02691	 56LeuH	 56LeuN	3.36733e+07	2.24866e+08	26.03978	35.26574
61	7.55690	111.37722	 58ThrH	 58ThrN	8.88876e+07	6.48131e+08	27.78825	146.29555
62	7.40150	120.18450	 59ValH	 59ValN	4.71829e+07	3.33373e+08	33.61470	40.38024
63	8.32618	108.97122	 61GlyH	 61GlyN	1.12699e+08	7.40102e+08	24.93912	27.91142
67	8.09120	122.08737	 65AlaH	 65AlaN	4.22570e+07	3.04776e+08	44.32273	31.19677
71	8.24874	120.58035	 67GlnH	 67GlnN	5.60041e+07	4.15013e+08	27.16753	68.28439
72	8.39166	122.95677	 69LeuH	 69LeuN	3.52309e+07	2.39225e+08	27.38524	33.65445
73	8.37508	119.15322	 70LysH	 70LysN	1.06728e+08	7.37086e+08	25.02040	43.54692
74	8.26000	118.70354	 71GluH	 71GluN	6.04347e+07	3.90858e+08	23.38369	31.66854
75	7.89086	117.80655	 72ThrH	 72ThrN	6.19582e+07	4.28146e+08	28.62523	34.43134
77	8.27937	116.57829	 74AsnH	 74AsnN	3.96229e+07	2.71599e+08	28.52653	32.06348
78	8.00647	121.90382	 75GluH	 75GluN	4.33527e+07	2.74354e+08	22.58880	33.09256
79	8.16321	120.86358	 76GluH	 76GluN	2.46462e+07	1.53074e+08	22.64057	33.29104
80	8.33053	124.14645	 77AlaH	 77AlaN	1.80854e+07	9.60796e+07	20.11899	22.24031
81	7.54321	119.42698	 78AlaH	 78AlaN	3.85476e+07	2.91084e+08	30.89910	80.87742
82	7.77621	121.14406	 79GluH	 79GluN	3.29664e+07	2.02790e+08	25.23521	27.11076
83	8.42100	121.11686	 80TrpH	 80TrpN	2.09050e+07	1.49916e+08	37.07583	45.36051
85	7.83989	120.31103	 82ArgH	 82ArgN	4.00802e+07	2.58979e+08	25.43841	104.73996
90	8.53220	127.62293	 88AlaH	 88AlaN	1.08032e+08	6.67867e+08	22.81135	28.04546
91	8.07137	109.08403	 89GlyH	 89GlyN	1.94113e+07	2.81492e+08	59.30323	24.70982
92	8.39108	122.05527	 91IleH	 91IleN	3.09356e+08	1.83353e+09	18.57614	34.45113
93	8.40557	108.65921	 92AlaH	 92AlaN	1.61708e+08	9.29881e+08	19.05994	25.74849
94	8.71931	112.15071	 94GlyH	 94GlyN	1.62196e+08	1.02712e+09	22.41657	31.10933
95	7.83699	119.70795	 95GlnH	 95GlnN	2.24688e+08	1.35750e+09	22.02469	27.27973
96	8.58707	121.40412	 96MetH	 96MetN	2.11111e+08	1.25766e+09	19.15041	27.38756
97	8.77029	123.21580	 97ArgH	 97ArgN	1.43810e+08	9.90770e+08	22.56123	53.42895
98	8.76310	122.82896	 98GluH	 98GluN	1.25219e+08	9.24603e+08	25.58791	56.99295
99	9.82952	121.99300	 100ArgH	 100ArgN	3.68704e+07	2.44959e+08	32.54114	28.90927
100	11.68058	116.92213	 101GlyH	 101GlyN	2.70587e+07	1.82731e+08	27.65871	29.23584
101	9.32829	114.84032	 102SerH	 102SerN	6.20964e+07	4.14611e+08	27.90121	28.94425
102	7.39404	122.96237	 103AspH	 103AspN	3.98309e+07	2.65590e+08	24.69045	32.23413
104	7.42672	125.89360	 104IleH	 104IleN	1.77064e+07	1.03948e+08	28.86616	34.21795
108	6.97323	102.24983	 106GlyH	 106GlyN	3.37662e+07	2.31804e+08	28.73892	32.08646
110	8.25012	113.22769	 107ThrH	 107ThrN	5.13557e+07	3.33792e+08	25.32181	27.88806
111	7.14776	106.33209	 108ThrH	 108ThrN	3.77025e+07	2.75843e+08	31.22567	31.63213
112	7.14112	112.25657	 109SerH	 109SerN	4.95419e+07	3.39346e+08	27.69826	33.40840
113	8.89396	112.78666	 110ThrH	 110ThrN	1.05175e+08	6.65622e+08	23.24678	30.59804
114	8.83848	122.51261	 111LeuH	 111LeuN	1.33533e+08	9.13089e+08	27.97935	30.23344
115	8.16838	115.58164	 112GlnH	 112GlnN	1.00284e+08	6.83701e+08	25.40164	30.61497
116	7.68754	120.85470	 113GluH	 113GluN	8.05811e+07	5.42556e+08	26.98610	31.38173
117	7.98763	117.65178	 114GlnH	 114GlnN	5.28744e+07	3.55882e+08	26.50278	34.25348
118	8.59970	118.06131	 115IleH	 115IleN	3.68065e+07	2.51431e+08	25.53324	31.36230
119	8.15143	111.13163	 116GlyH	 116GlyN	4.48715e+07	2.96451e+08	24.71464	28.62513
121	8.48100	116.08010	 118MetH	 118MetN	7.03816e+07	5.56183e+08	45.37597	49.83163
123	7.85612	104.86743	 119ThrH	 119ThrN	4.61359e+07	3.21216e+08	27.52360	35.60914
125	7.13499	122.56203	 120AsnH	 120AsnN	7.62568e+07	5.08367e+08	24.37598	32.73362
126	8.05567	116.95612	 121AsnH	 121AsnN	1.56506e+08	9.51396e+08	20.88920	29.02615
127	8.32029	122.26717	 124IleH	 124IleN	2.86851e+07	1.82699e+08	23.16405	26.85326
130	7.74434	106.18939	 127GlyH	 127GlyN	4.04955e+07	2.56791e+08	24.90284	34.72240
131	7.59915	121.30983	 128GluH	 128GluN	4.54797e+07	2.89735e+08	22.90473	34.40994
143	8.16460	107.99060	 137GlyH	 137GlyN	2.16483e+07	1.61926e+08	70.72149	28.18453
144	9.43765	122.76099	 138LeuH	 138LeuN	1.44351e+07	8.56103e+07	21.76634	24.48046
148	7.91490	120.37446	 141IleH	 141IleN	2.73076e+07	1.92501e+08	26.97013	36.46243
150	7.57816	117.83665	 143ArgH	 143ArgN	4.37263e+07	3.33910e+08	41.31347	41.47577
159	9.86371	116.76594	 156GlyH	 156GlyN	7.74077e+07	4.98516e+08	24.38348	30.16663
160	8.57092	115.10887	 158LysH	 158LysN	7.13667e+07	4.86021e+08	29.43705	30.18749
161	7.03475	125.84245	 159GluH	 159GluN	8.43690e+07	5.86152e+08	27.37072	34.81054
162	9.51920	128.26495	 161PheH	 161PheN	7.31979e+07	5.30606e+08	29.50406	45.47829
163	9.07354	115.78142	 162ArgH	 162ArgN	6.22179e+07	4.21649e+08	27.09689	30.27594
164	6.97120	118.88304	 163AspH	 163AspN	4.73487e+07	3.09624e+08	25.77272	27.72635
169	7.90796	119.27156	 167ArgH	 167ArgN	2.21357e+07	1.43601e+08	32.30117	28.52213
178	8.63486	119.35383	 183AsnH	 183AsnN	1.97443e+07	1.52612e+08	44.62124	38.88178
183	7.71831	118.76674	 187GluH	 187GluN	4.77888e+07	3.43959e+08	32.58806	33.95474
188	7.30467	124.83148	 194AlaH	 194AlaN	2.74183e+07	1.91160e+08	31.49515	33.82114
189	9.08687	119.36392	 195AsnH	 195AsnN	6.44269e+07	4.15180e+08	23.48771	30.62069
190	7.72253	115.51463	 197AspH	 197AspN	1.11231e+08	6.94648e+08	22.33916	29.59394
191	9.48311	121.77198	 199LysH	 199LysN	5.18535e+07	3.54501e+08	28.09014	29.41531
192	8.56738	116.64990	 198CysH	 198CysN	6.14029e+07	4.31287e+08	29.47914	30.20465
193	7.59199	113.09830	 200ThrH	 200ThrN	8.78743e+07	5.89985e+08	27.75099	30.70176
194	6.77997	122.55049	 201IleH	 201IleN	6.23653e+07	4.01526e+08	25.00492	29.92064
196	7.13326	120.06293	 204AlaH	 204AlaN	4.21203e+07	2.74303e+08	27.03496	27.56852
197	7.45982	118.15974	 205LeuH	 205LeuN	5.04505e+07	3.02078e+08	23.04793	25.44606
198	7.42956	104.53270	 206GlyH	 206GlyN	5.85052e+07	3.73973e+08	25.60242	26.21345
200	7.16900	123.15357	 209AlaH	 209AlaN	8.49419e+07	5.65127e+08	27.19800	29.18679
201	8.55246	113.20764	 210ThrH	 210ThrN	1.18857e+08	7.57193e+08	24.01022	29.28281
202	8.90027	122.73999	 211LeuH	 211LeuN	7.60198e+07	5.34190e+08	34.17349	30.88647
203	8.55643	117.61850	 212GluH	 212GluN	9.08714e+07	6.03541e+08	25.01895	30.80809
204	7.76927	120.53425	 213GluH	 213GluN	8.39032e+07	5.61246e+08	24.73835	32.13751
205	8.54951	120.31641	 214MetH	 214MetN	7.43004e+07	5.04707e+08	26.44327	32.30083
206	8.75870	117.00752	 215MetH	 215MetN	6.33467e+07	4.26975e+08	28.64700	30.77614
207	8.36470	117.01256	 216ThrH	 216ThrN	7.74497e+07	4.99145e+08	23.52448	33.06484
208	7.98579	122.89046	 217AlaH	 217AlaN	8.33544e+07	5.50431e+08	25.18973	29.36524
209	7.41357	111.08774	 218CysH	 218CysN	7.50333e+07	5.25496e+08	31.99057	30.50494
210	7.51066	122.53278	 219GlnH	 219GlnN	1.10482e+08	7.20368e+08	24.22987	31.99792
211	8.71154	110.05087	 220GlyH	 220GlyN	8.42797e+07	5.71022e+08	27.16220	31.11911
213	8.72687	115.86683	 222GlyH	 222GlyN	1.23755e+08	7.88798e+08	24.50273	29.06656
214	8.00736	108.35590	 223GlyH	 223GlyN	3.20613e+08	1.88451e+09	19.77645	26.29399
215	8.56437	109.07151	 225GlyH	 225GlyN	1.04734e+08	6.71444e+08	22.94730	30.21753
217	8.15362	119.72755	 226HisH	 226HisN	6.71995e+07	4.65863e+08	29.75733	32.54843
218	8.24627	123.53718	 227LysH	 227LysN	1.21162e+08	7.83411e+08	24.58063	72.30026
219	8.27656	125.50672	 228AlaH	 228AlaN	2.94240e+08	1.63826e+09	18.05121	26.85329
220	8.30798	121.07001	 229ArgH	 229ArgN	3.68114e+08	2.19467e+09	19.61341	26.69287
221	8.23523	123.13319	 230ValH	 230ValN	5.45542e+08	2.84479e+09	17.04828	25.01804
223	7.90528	131.84309	 231LeuH	 231LeuN	4.92357e+08	2.46857e+09	16.41256	21.98148
224	8.62323	115.97157	 21AsnH	 21AsnN	5.43192e+07	3.83463e+08	30.63640	46.04459
226	7.28273	112.95699	 32PheH	 32PheN	1.69963e+07	1.21140e+08	23.70688	107.17130
228	8.33727	113.50888	 60GlyH	 60GlyN	8.40161e+07	5.71986e+08	25.80078	33.77306
232	7.47802	112.52869	 83ValH	 83ValN	2.17170e+08	1.29682e+09	21.72328	29.43003
233	8.93742	125.35836	 87HisH	 87HisN	1.38264e+08	8.87906e+08	25.36584	28.40155
234	7.00013	112.18404	 105AlaH	 105AlaN	2.01477e+08	1.42704e+09	34.63068	31.02529
242	7.75994	127.15386	 155GlnH	 155GlnN	4.35915e+07	2.86936e+08	27.77325	27.76650
253	7.86477	114.90719	 193AsnH	 193AsnN	8.40311e+06	4.26441e+07	15.47302	63.69758
256	8.31270	120.22611	 165ValH	 165ValN	3.61006e+07	2.74972e+08	36.05500	43.47634
258	7.76860	117.82637	 25LysH	 25LysN	2.86648e+07	2.10838e+08	37.95684	45.85004
261	8.46522	115.48980	 66MetH	 66MetN	5.19396e+07	3.46776e+08	32.25085	33.60045
262	8.38978	115.71284	 30LysH	 30LysN	2.37625e+07	1.58522e+08	106.42090	31.13794
270	7.35737	120.64783	 221ValH	 221ValN	1.29946e+08	8.82796e+08	25.19167	32.46295
272	7.80913	121.97049	 22AlaH	 22AlaN	3.73574e+07	2.81538e+08	32.14587	39.12729
273	7.79139	122.37274	 42AlaH	 42AlaN	3.89331e+07	2.94640e+08	36.95875	37.70119
274	8.50950	118.74355	 134IleH	 134IleN	5.70306e+07	4.43858e+08	41.83501	40.93760
275	8.49155	119.08206	 202LeuH	 202LeuN	5.76927e+07	4.33041e+08	46.44372	39.95568
276	7.64894	119.44854	 26ValH	 26ValN	5.64766e+07	4.22684e+08	36.63025	35.81631
277	7.64543	119.84096	 68MetH	 68MetN	3.71345e+07	3.37767e+08	60.00717	45.40783
279	9.04563	116.04935	 126ValH	 126ValN	1.63957e+07	1.26163e+08	59.07439	27.77755
