Dim 1,Dim 2,6.97,12.7,51,102,306,815,1630,Fit Error,Fit Parameter A,Fit parameter B,f(x) = Ax + B,
230ValH,230ValN,545541504,188451840,341243872,262526112,509535776,801101632,745857984,18.24083,297831.46875,360499680,,
231LeuH,231LeuN,492357184,193299088,332928864,228986912,550267200,690373888,675298112,16.36891,252259.625,346569632,,Norm Factor
229ArgH,229ArgN,368114336,147869872,251558544,190517376,464286624,539951296,518143936,13.23162,193675.39062,273457024,,801101632
223GlyH,223GlyN,320612864,114778208,192879280,147322112,279449568,368244224,291799104,9.92722,78611.60156,212178720,,
91IleH,91IleN,309356128,115408200,174548224,117233768,215311984,256701824,180821200,8.62216,10137.56641,191391776,,
228AlaH,228AlaN,294240096,110252960,195376608,136974944,347217888,453613728,441903392,10.67546,179815.96875,207693856,,
95GlnH,95GlnN,224687600,82248904,132478288,89128184,156807664,182714224,113870064,6.27037,-4150.88672,142010096,,
83ValH,83ValN,217170272,70286744,77516968,63258320,260151360,274350496,174004992,10.39157,56579.85938,138759760,,
96MetH,96MetN,211111056,83530624,129413152,85192384,162027504,175874624,118328344,5.7929,166.34341,137855904,,
105AlaH,105AlaN,201477472,70874992,90471328,57786588,92979816,96353848,297591936,7.51841,102326.52344,86909568,,
12HisH,12HisN,182137168,67535904,92963048,59351180,90742096,98263848,54857308,4.87247,-26988.12891,103536424,,
10MetH,10MetN,163598608,66057132,96277256,60059404,108977640,111241840,61361052,4.32466,-18931.96289,103274808,,
94GlyH,94GlyN,162195840,59030404,94886240,69568304,138825904,150831760,107340384,4.80288,12365.82129,106646472,,
92AlaH,92AlaN,161707520,57994308,87896504,68497984,117352784,149626656,104122416,4.66368,13063.04004,101286600,,
9GlnH,9GlnN,161172416,58055604,80490840,53944328,86491184,85724832,46621592,4.31459,-25068.03516,92255928,,
121AsnH,121AsnN,156505712,58516100,88845424,57144392,97331232,100045408,53836444,4.16531,-20136.58789,95871064,,
181ValH,181ValN,154358240,54768176,83130984,54568000,93210896,89191616,51889464,4.12316,-20546.46289,91598360,,
4GlnH,4GlnN,146146608,55112964,65986088,42102256,70620672,77986208,47161576,4.0574,-17921.50195,79644696,,
97ArgH,97ArgN,143809952,51496592,80124064,56807064,101696584,110026552,66314088,4.0167,-6557.75293,89921080,,
2IleH,2IleN,138621040,53689316,79118944,48865936,92782768,86254816,44896264,3.71753,-20286.36133,86219960,,
87HisH,87HisN,138263968,48417768,79302240,53708568,116533824,123870480,89960616,4.17414,10351.04297,88542064,,
86ValH,86ValN,137269728,52552124,251558544,190517376,91859936,539951296,518143936,13.30767,272971.78125,140539088,,
5AsnH,5AsnN,137007200,48437360,74608968,48500736,91663568,82364992,45748516,3.75134,-18396.23047,83159408,,
6IleH,6IleN,136431248,50730596,76722712,54019900,93819960,90018536,52618096,3.61289,-14807.85742,85379192,,
14AlaH,14AlaN,134769920,47042948,63759360,40260196,76982984,75651040,39129140,3.81071,-18844.93555,76098856,,
111LeuH,111LeuN,133532568,49066092,75408936,48594756,88301640,82818616,37917548,3.62757,-22061.48047,82877232,,
98GluH,98GluN,125219176,48599556,75184480,56807064,101696584,110026552,66314088,3.53819,-1745.66858,84135888,,
222GlyH,222GlyN,123755312,44676784,70057824,45781396,98214472,97232664,58773644,3.6534,-4594.11621,78846256,,
227LysH,227LysN,121161768,46738388,76718280,58516728,147144112,180750016,177607264,4.3582,70424.07812,86105688,,
210ThrH,210ThrN,118856944,41144288,57795592,33887916,51874864,44841236,17815380,3.27088,-28884.08594,64380536,,
16SerH,16SerN,116553488,41656940,57219984,37441676,57497636,55944764,28390002,3.13197,-21438.40234,65340476,,
61GlyH,61GlyN,112699368,44750132,65911088,45873364,78104224,73299176,38975252,2.89882,-16041.97363,72359152,,
197AspH,197AspN,111230552,36177616,50651368,28038416,42404976,37345496,17170620,3.20347,-25754.27734,56902292,,
219GlnH,219GlnN,110482296,38638820,57248008,33685272,52537968,45372368,18800984,2.9802,-26142.3125,61885316,,
88AlaH,88AlaN,108032168,38845756,63727292,46817664,96989784,118053920,96550384,3.32791,24868.9043,70901208,,
15IleH,15IleN,107458792,36305132,53329536,35164128,59415756,60490828,38650180,2.95057,-11433.76758,60606136,,
70LysH,70LysN,106728112,40352608,58453068,42525144,60201264,63501444,34411208,2.70894,-15771.07617,64611748,,
13GlnH,13GlnN,106296952,38156504,48303560,31872606,51583800,47689652,23644616,2.90952,-20403.17773,58171404,,
110ThrH,110ThrN,105174656,41778028,60860848,40048200,67778336,65084560,31050602,2.71994,-17733.80469,66231864,,
225GlyH,225GlyN,104734200,39503984,69070088,48932496,134381776,153771632,143576992,4.05427,54544.42578,76357328,,
8GlyH,8GlyN,103273376,37527104,53533160,32552982,55505696,51567048,23870774,2.78117,-20067.30859,59500044,,
112GlnH,112GlnN,100284288,35456756,54595160,39599000,61360592,56125300,25823096,2.61694,-18718.49023,61138696,,
212GluH,212GluN,90871376,34151424,39923372,25401906,36480508,32740510,12432930,2.49968,-22566.00391,48282508,,
7GlnH,7GlnN,90681616,34963756,44449820,31115338,53107252,55052700,30266484,2.43446,-11276.34766,53229332,,
58ThrH,58ThrN,88887576,33444130,49678160,36759164,56414832,88454272,67640536,2.55098,14038.21191,54319364,,
200ThrH,200ThrN,87874304,29153652,41858840,20230588,52688128,72405856,59217316,2.77099,11349.36426,47178132,,
209AlaH,209AlaN,84941904,30387618,32461554,20271152,33954456,37387456,18507018,2.50103,-14496.90723,42899332,,
159GluH,159GluN,84369032,29076936,37690668,23129110,31565942,20987984,8533237,2.37021,-23738.25586,43536536,,
220GlyH,220GlyN,84279656,28663264,41642636,29650590,49465688,46211344,26339308,2.28245,-11817.81152,48686268,,
60GlyH,60GlyN,84016136,33215574,44292672,30328758,49436924,51429240,28329150,2.18911,-11107.41504,50503268,,
213GluH,213GluN,83903152,28461418,37618468,25894050,34245972,27952792,11358870,2.29679,-21251.47852,44509572,,
217AlaH,217AlaN,83354368,33340800,45056916,25861684,37774516,31446330,14270831,2.15819,-21225.86914,47594696,,
113GluH,113GluN,80581088,30281538,53565512,33695652,52006304,47472600,19984986,2.0485,-17378.25586,52627996,,
216ThrH,216ThrN,77449672,31028424,36589940,23905088,31552300,26482164,9807850,2.03519,-21046.67969,42621284,,
156GlyH,156GlyN,77407688,26294072,37333524,21020112,27954836,17783574,9297644,2.19347,-21545.35938,40011848,,
48ThrH,48ThrN,76990184,32177950,41206984,26550270,43311944,41356744,17637632,1.96663,-15933.26367,46545048,,
120AsnH,120AsnN,76256824,29105608,41349336,26356006,44792948,41260656,19430394,1.99822,-14336.24805,45780892,,
46GlyH,46GlyN,76079416,26619082,31837798,18312432,31290302,28765136,14687121,2.19703,-15288.29199,38898460,,
211LeuH,211LeuN,76019832,28274484,28744936,9799067,17278870,16277266,3275790.5,2.4502,-21657.55078,34712824,,
218CysH,218CysN,75033344,31448828,38464272,22978280,34086976,27479680,23324380,1.9651,-13376.36621,41703404,,
214MetH,214MetN,74300440,28573390,36965216,23151542,35897644,30381386,13968478,1.95218,-17196.86914,41930868,,
47AlaH,47AlaN,74049264,22171022,31771550,19856262,31461318,30450902,16361290,2.15637,-13089.50195,37770144,,
161PheH,161PheN,73197912,27402594,32466202,20695028,34021924,33546142,16792088,2.02326,-13462.09766,39640088,,
158LysH,158LysN,71366704,31945162,36579484,21578876,30916684,26552624,9894476,1.82208,-19655.94922,40900220,,
118MetH,118MetN,70381624,23485900,33890736,22908924,30289016,33327604,20889196,1.92879,-10372.33594,37928328,,
226HisH,226HisN,67199488,23787782,40254488,28874064,82425424,97168088,89814072,2.62299,34973.71094,46753120,,
3ValH,3ValN,66815064,24542008,26739362,17992056,28540708,31059516,19419310,1.90455,-9138.26953,34546472,,
195AsnH,195AsnN,64426852,23348190,30665244,19457562,29773036,27915402,12996256,1.74559,-13493.59277,35433340,,
215MetH,215MetN,63346748,25385794,30238260,18660504,27251940,25881298,11823818,1.68884,-14364.27539,34940680,,
201IleH,201IleN,62365280,22118058,30739444,18928862,27915876,23437066,10228843,1.68023,-15053.50293,34249272,,
162ArgH,162ArgN,62217892,23434180,28889362,17898230,28802820,19708352,9593842,1.68039,-15877.8291,33852316,,
102SerH,102SerN,62096448,21576832,34058184,24783480,38397980,35267216,17171674,1.62536,-10879.40723,37879944,,
72ThrH,72ThrN,61958152,23417802,32377648,24556084,35228288,32233002,17286854,1.55289,-11202.38379,37115704,,
198CysH,198CysN,61402880,23654298,26255636,15487080,18797752,15682938,4033233,1.74733,-18257.27734,31241724,,
71GluH,71GluN,60434700,21203396,34749020,19453210,34694348,34767544,15928369,1.66529,-10439.53809,35964620,,
19ThrH,19ThrN,59900152,22379634,31168152,20378614,29965032,27023684,14302243,1.55065,-12141.5625,34373632,,
117TrpH,117TrpN,59201344,36305132,53329536,35164128,59415756,35017196,33722096,1.28441,-9746.65527,48664456,,
55MetH,55MetN,58712636,20231692,32112118,19352612,35830356,39215652,22096264,1.65788,-5356.53857,34744580,,
11ValH,11ValN,58624736,23355290,29316114,18802736,29357604,34954704,20092038,1.57567,-6910.82471,33529742,,
206GlyH,206GlyN,58505240,23727834,29298260,16290120,23246994,25015566,14226719,1.59001,-11296.97949,31905622,,
134IleH,134IleN,57692684,23340472,31960536,19708870,32310228,26118416,15149544,1.45373,-11759.11719,34380072,,
67GlnH,67GlnN,56004112,23330528,35638352,20593090,41796292,45149552,31298512,1.5219,-362.71518,36410132,,
21AsnH,21AsnN,54319196,16062115,26746786,20023452,28713320,34705440,20520506,1.53851,-4295.85059,30521494,,
68MetH,68MetN,53758812,24951152,27659302,20840082,28261044,30005334,18009382,1.28539,-8293.99023,32533426,,
33SerH,33SerN,53044036,20453372,26752050,18282030,34035796,39625348,21929312,1.5071,-3225.72803,31936128,,
114GlnH,114GlnN,52874420,15098364,17332338,12119306,15260738,15863537,9048520,1.65244,-10169.12402,23904058,,
66MetH,66MetN,51939556,17625198,25487826,16161136,25017576,28411328,17818734,1.44049,-5808.62451,28491980,,
199LysH,199LysN,51853528,19979634,15919119,8783602,11235218,7756484.5,3626093.75,1.67322,-14397.66992,23035390,,
107ThrH,107ThrN,51355720,20224246,30108480,19250860,33667712,31360256,13991090,1.34301,-9396.04688,32489900,,
18ArgH,18ArgN,51084060,14908011,6208606.5,3818792.5,18820722,2535668.25,11583284,1.95391,-7952.78564,18887210,,
50GlnH,50GlnN,50521496,16416919,26540490,19408536,30289016,33327604,19972444,1.38614,-4160.85107,29805924,,
205LeuH,205LeuN,50450532,16123210,20344334,11355051,12206550,10774980,7418378.5,1.56255,-11954.36328,23374806,,
54ThrH,54ThrN,50212548,15557589,27793464,19936680,35790232,33340436,16436848,1.44375,-6447.71777,31131258,,
109SerH,109SerN,49541936,19394286,29105200,16839854,30760772,29038806,12671578,1.31766,-9390.38281,30686688,,
202LeuH,202LeuN,49374800,23340472,31960536,19708870,32310228,32817372,15149544,1.19776,-9005.04004,32998512,,
26ValH,26ValN,48015700,24951152,27659302,20840082,28261044,30005334,18009382,1.05427,-7225.19434,31266580,,
187GluH,187GluN,47788816,21349184,29449944,17133976,33204860,33029076,17243216,1.2498,-6416.02832,31136774,,
163AspH,163AspN,47348704,18313716,20770732,13725829,23182602,21199348,8880121,1.29346,-10064.56836,26120930,,
59ValH,59ValN,47182856,19447476,27500804,18540850,28733454,30275130,16662365,1.18269,-6420.34668,29587702,,
119ThrH,119ThrN,46135944,18870984,20009740,11594758,19146014,26374724,8074190,1.36369,-8816.55371,25140436,,
128GluH,128GluN,45479696,19913014,29105936,18876704,31317866,26959500,11695406,1.10239,-9959.87402,30352502,,
44SerH,44SerN,45184792,11744185,18744816,12664890,17865180,15198018,6243326,1.33606,-10227.93262,22506900,,
116GlyH,116GlyN,44871488,18490590,24262626,11477049,22421236,23302528,11716228,1.23766,-7919.32324,25670748,,
143ArgH,143ArgN,43726260,14368561,2347467,2172981.25,1934579.25,4545377,11383771,1.80151,-4500.8877,13376872,,
155GlnH,155GlnN,43591496,12739561,9174924,3513819,2813482,2416106,3058296,1.63772,-10504.47266,15431327,,
75GluH,75GluN,43352700,18407436,25670236,19530112,31342342,32769092,19874808,1.08658,-3272.28979,28644830,,
65AlaH,65AlaN,42256968,20320892,19964998,10596902,21049966,14494962,5665378,1.1235,-11769.0791,24108426,,
204AlaH,204AlaN,42120308,12672361,8988145,7021103.5,3833711.5,3062124,1664794.88,1.49629,-11389.8291,16094663,,
208AlaH,208AlaN,41681088,8842854,22706678,15827203,26581602,34276536,13614212,1.41229,-3110.95728,24660796,,
20LeuH,20LeuN,41194096,16777246,18343948,12385050,16844286,13281893,10001179,1.10841,-8531.17773,21967150,,
127GlyH,127GlyN,40495512,16579398,27126802,17563692,29293984,26739992,11992232,1.02811,-7677.99023,27462786,,
82ArgH,82ArgN,40080240,11275092,20941962,15343448,25594740,28552722,18200198,1.16446,-1358.26257,23422786,,
51AspH,51AspN,39932972,58055604,80490840,53944328,86491184,85724832,46621592,2.35965,-2505.29272,65512288,,
103AspH,103AspN,39830928,12108727,20411276,10634026,17430308,15416952,7124486.5,1.14121,-8739.37012,21215392,,
74AsnH,74AsnN,39622876,16255385,22002234,11816652,21601896,23374930,13626294,1.06337,-5101.61084,23316528,,
53AsnH,53AsnN,39582984,14790604,3508277.5,1402181.38,5098335,7889884.5,9178454,1.55393,-4659.29248,13581851,,
78AlaH,78AlaN,38547580,15067685,17128500,12266679,18195290,21798168,13619879,1.04973,-4053.19092,21210570,,
108ThrH,108ThrN,37702508,16175665,21611096,16031952,23850144,29394388,25958368,0.91215,2477.05371,23354578,,
140LysH,140LysN,37032640,15067685,17128500,12266679,18195290,21798168,13619879,0.98807,-3771.25928,20876396,,
100ArgH,100ArgN,36870360,12953892,12824836,7250109,9562876,12701155,7047629.5,1.15607,-6732.07715,16984748,,
115IleH,115IleN,36806516,9349475,8158786.5,4703672,10772226,12720598,9342528,1.27757,-3716.2627,14674133,,
45GluH,45GluN,36202524,11702635,12032194,6623492.5,9517416,7594054,4459330,1.15059,-8495.94043,16138710,,
69LeuH,69LeuN,35230876,14203372,21141384,11848405,19887782,22607966,13825754,0.9271,-3710.99536,21370752,,
42AlaH,42AlaN,35177600,13340258,12311731,6922508,13547690,11034390,8125373,1.06397,-6265.50928,16968262,,
221ValH,221ValN,34662640,54768176,83130984,54568000,93210896,89191616,51889464,2.72483,1728.96899,65195264,,
52LeuH,52LeuN,34125252,7595363.5,40254488,28874064,12354685,97168088,89814072,2.52673,47645.8125,24412198,,
106GlyH,106GlyN,33766228,9765179,16059738,10147118,12778045,12026833,5730268,0.96373,-7528.90381,17469350,,
56LeuH,56LeuN,33673336,12222923,129413152,85192384,162027504,175874624,8326826,8.54186,-14156.30273,92588440,,
79GluH,79GluN,32966448,10128186,9886508,6973645,10609069,10485769,7624970.5,1.03801,-5093.92627,14795365,,
31AlaH,31AlaN,32671616,13924937,13233228,8850436,11167671,8653047,6119192.5,0.91741,-7745.72266,16752295,,
37IleH,37IleN,32394118,10697757,16014328,31115338,18224034,17677436,12321422,0.95038,-6073.78516,22314598,,
73IleH,73IleN,31897430,115408200,174548224,117233768,215311984,256701824,180821200,7.8224,61772.80859,130188488,,
22AlaH,22AlaN,30473762,13340258,12311731,6922508,13547690,11034390,8125373,0.86614,-5390.12158,15930664,,
81AspH,81AspN,29797878,23787782,40254488,28874064,82425424,97168088,89814072,2.41742,41934.17578,38502872,,
28GluH,28GluN,29757164,9995928,9683468,4273664,13536218,17784810,17368484,0.97848,2466.1582,13598502,,
124IleH,124IleN,28685098,10503727,12481634,4651358,11937588,13076146,9127078,0.88268,-3240.73633,14276782,,
25LysH,25LysN,28664782,9288215,7306132,7263132.5,6682060.5,7613836,5946279.5,0.91774,-4992.48291,12480117,,
194AlaH,194AlaN,27418270,7871558.5,7399594.5,2485294.5,2316517.5,1935869.5,1075198.75,0.99774,-7309.96729,10267749,,
141IleH,141IleN,27307572,6909747.5,12700435,10318518,13766901,15491073,10135101,0.78323,-2275.86011,14754745,,
101GlyH,101GlyN,27058740,10605138,15075762,9796050,18261082,16272976,8695818,0.7146,-4104.89404,16823844,,
154ArgH,154ArgN,25588930,110252960,195376608,136974944,347217888,453613728,4387215,20.14785,-10536.82031,186316912,,
76GluH,76GluN,24646248,6946684,7455736,5236435,8258717,11341384,10424876,0.79371,-498.25189,10823830,,
30LysH,30LysN,23762514,17625198,25487826,16161136,25017576,28411328,17818734,0.57875,-564.85919,22276540,,
152AspH,152AspN,23543320,64228176,65282648,38983228,50238712,47229228,29686876,1.79762,-10320.62207,49909468,,
131LysH,131LysN,22842144,14908011,6208606.5,3818792.5,18820722,2535668.25,3001752.25,0.86441,-7411.20117,13400514,,
189LeuH,189LeuN,22168314,2988688.5,7320684,3910081,7049501,5450531.5,4786422,0.76622,-3195.54639,9002421,,
167ArgH,167ArgN,22135734,9116861,4289236,1943029.62,2723143.5,3838051,2305533.5,0.80399,-4963.26709,8694649,,
137GlyH,137GlyN,21648256,37527104,53533160,32552982,55505696,51567048,23870774,1.69447,-4876.81982,41494748,,
43LeuH,43LeuN,21110146,6963495,7392630,3942065.5,1980240.25,2955921.5,2239611.5,0.71908,-5336.26611,8883656,,
80TrpH,80TrpN,20905032,9679076,11003331,6852384,15563961,21447768,13614212,0.65738,2078.02466,13284329,,
64AlaH,64AlaN,20301996,67535904,92963048,59351180,90742096,98263848,54857308,3.35336,3129.50049,67837968,,
183AsnH,183AsnN,19744318,10127610,9580735,5923181,7216610,6591609.5,2505637.25,0.50673,-5773.87598,11224373,,
24ValH,24ValN,19691000,7124567.5,6695230.5,3807627.25,5972650,4908888,5311964,0.61928,-3129.22021,8951534,,
89GlyH,89GlyN,19411270,112233992,179304496,138451280,301239072,363805280,299403360,10.85215,140932.23438,143115632,,
166AspH,166AspN,19293492,8002731,2347467,2172981.25,1934579.25,4545377,8298608,0.75263,-480.60654,6857196,,
35GluH,35GluN,19276352,8552708,8666642,20023452,28713320,34705440,20520506,1.06187,6607.6543,17305688,,
29GluH,29GluN,19075276,7603410,5276179,39599000,4653401.5,5946791,5713603,1.47482,-7512.04004,15690055,,
177AlaH,177AlaN,18275542,7224143.5,718411.62,1643172.62,4009371.75,2834568.75,1430060.5,0.69241,-3988.07666,6827870.5,,
126ValH,126ValN,18233206,23434180,28889362,17898230,28802820,19708352,9593842,0.60385,-7692.25146,24149940,,
77AlaH,77AlaN,18085428,2834507.5,3151587,432823,2633728.5,538710.5,1721824.25,0.71012,-3561.79126,5687444.5,,
104IleH,104IleN,17706378,4344522,1629660.5,274409.88,4289542.5,3360676.5,1524096.88,0.68189,-3177.14307,6059743,,
40PheH,40PheN,17546750,6583520.5,7706861.5,3133239.5,6374865,5670667.5,4291987,0.5303,-3146.02759,8643691,,
27ValH,27ValN,17447642,1846308.5,3374618.75,2652406,1992706.62,4054554.5,1392958.5,0.6552,-3131.52075,5988103.5,,
36ValH,36ValN,17064996,16255385,22002234,11816652,21601896,23374930,6618118,0.65243,-4753.50635,18947412,,
32PheH,32PheN,16996324,22068500,25425912,17635490,34102812,35119280,17283528,0.95131,132.3687,24034976,,
129IleH,129IleN,16485692,16777246,18343948,12385050,16844286,13281893,10001179,0.22503,-3932.927,16516839,,
23TrpH,23TrpN,15157289,7649826.5,80490840,19352612,86491184,85724832,5812968,4.7189,-6115.03467,45508268,,
136LeuH,136LeuN,15056992,7967833.5,23440306,262526112,36965620,801101632,12586781,35.063,103567.875,122406704,,
144MetH,144MetN,15011216,9288215,7306132,7263132.5,6682060.5,7613836,5946279.5,0.32719,-2451.54517,9468340,,
180GluH,180GluN,14864512,14790604,3508277.5,1402181.38,5098335,7889884.5,9178454,0.64194,-59.16935,8129319.5,,
138LeuH,138LeuN,14435121,4954173,2092808,797007.5,1897666.25,2158914.5,834878.19,0.53854,-3305.90015,5262275.5,,
62HisH,62HisN,13919670,13377000,2756994,2941492,24534594,16615885,15145185,0.8887,4146.12207,11024133,,
57AsnH,57AsnN,12766566,23485900,33890736,22908924,33812876,37970672,20889196,1.0888,1007.51654,26111318,,
178SerH,178SerN,11818864,6948179.5,4325470,3718760,8117356,9828699,6637083,0.34995,279.8197,7225188,,
165ValH,165ValN,11800005,915408.5,2399219.5,1555678.62,18202246,6440359,6145583.5,0.76416,629.46399,6516879.5,,
203LysH,203LysN,11260222,467284.97,2756994,2941492,7523922,16615885,2158968.5,0.71418,736.81445,5938652,,
39MetH,39MetN,10989320,5795505.5,7620957,5257036,8089067.5,8517247,5255116.5,0.24188,-1115.72815,7826609.5,,
151LeuH,151LeuN,10959058,34963756,44449820,1081729,53107252,55052700,8033972,2.73866,-4357.3418,31483958,,
170LysH,170LysN,10853087,7533612,7455736,5236435,8258717,11341384,21832842,0.2747,8227.91211,6922302.5,,
135IleH,135IleN,10752333,1319678.12,3404739,-755927.38,3587375.75,5425613.5,4291987,0.43798,452.37958,3814741.75,,
132ArgH,132ArgN,10564941,8002731,2347467,2172981.25,1934579.25,4545377,5423785,0.39895,-435.49792,5180730.5,,
142ValH,142ValN,10341354,23340472,31960536,19708870,32310228,32817372,10692344,1.16322,-4189.44629,24774246,,
184TrpH,184TrpN,10261705,-2966584.25,296345.56,-1019483.38,540892.75,-7891.31,714738.44,0.5107,-904.89014,1495046,,
192GlnH,192GlnN,9811074,2499034.5,465845.06,-1045465.5,754813.25,557770.88,859143.12,0.42076,-1678.08826,2686913.25,,
139AsnH,139AsnN,9560571,7125789,3158451.75,1430935.25,6418880.5,6176123.5,4918512.5,0.32439,-327.13358,5677956.5,,
190LeuH,190LeuN,9456381,-548795.81,-3580.74,-907866.25,82660.17,-1448770.5,728173.38,0.44796,-1393.68176,1633266.75,,
179GlnH,179GlnN,8938155,3063945.75,5041757,561403.06,6830346,7344330.5,1882652.25,0.36686,-1132.70483,5282035,,
145TyrH,145TyrN,8895513,635337.38,3229047.25,2936289.5,5461540,6386472,1997294,0.34178,-757.84882,4536742.5,,
171ThrH,171ThrN,8631932,1528974.5,624127,802019.88,-335441.5,1286111.5,1159800.62,0.35476,-1219.73401,2466232,,
193AsnH,193AsnN,8403110,9012632,5409719.5,2066750.5,8865978,8941178,4664338,0.33043,-688.58575,7053843,,
188ThrH,188ThrN,8394646,3910035.75,3930180.75,-200319.62,6942226.5,9224714,2177116,0.41626,-398.5192,5077677,,
84HisH,84HisN,8376563,21349184,29449944,17133976,33204860,33029076,2687327.5,1.37422,-7077.64062,23703376,,
186ThrH,186ThrN,8081084.5,2790676.5,-613575.38,-1594850.25,2382534,1998157,780449.12,0.37441,-1017.98438,2400103.75,,
185MetH,185MetN,7987889,23355290,29316114,18802736,29357604,34954704,20092038,1.06607,2512.72559,22359998,,
146SerH,146SerN,7566730.5,23417802,32377648,24556084,35228288,32233002,17286854,1.1914,-1080.10425,25117754,,
164TyrH,164TyrN,7512571,7224143.5,718411.62,1643172.62,4009371.75,2834568.75,1566561,0.30408,-1910.09363,4441897.5,,
153IleH,153IleN,7150253,1126599.88,1407456.25,540356.38,239955.44,419130.38,751434.75,0.28114,-1372.42236,2235385.25,,
41SerH,41SerN,6581772,4130951.5,6044995.5,4153079,10204246,11260484,6887311,0.31198,1713.24719,6321981.5,,
63GlnH,63GlnN,6195061.5,10584095,37863812,26944514,51235832,55121248,29262694,2.14551,10166.88086,26783234,,
150IleH,150IleN,6157952,-1094890.12,-409538.12,405884,1694958.38,1323607.38,2591769.5,0.28832,641.23389,1256426.875,,
173ArgH,173ArgN,5954371,-2293816,-322378.12,-1127112.75,-2679234.75,-1888054.25,1056578.75,0.36433,-96.33772,-145426.64062,,
148ThrH,148ThrN,5946515,-1833874.25,-1089521.88,-83081.12,-1035223.75,-214038.38,-625076.06,0.3123,-906.75836,530966,,
133TrpH,133TrpN,5816679,-568752.19,48521,296215,-897905.75,11314.25,1671524.25,0.2814,-62.83059,937327.3125,,
182LysH,182LysN,5786314,12222923,4143606.25,1056709.75,3403380,5315448.5,8326826,0.43252,1199.73633,5249653.5,,
149SerH,149SerN,4432101,-1315735.12,282682.5,665377.19,1383065.5,885691.5,4270098,0.22412,1709.73718,800653.3125,,
130TyrH,130TyrN,3788564,3779991.5,-1186258.25,922849.25,-313948.19,-1111427.88,-702436.69,0.22732,-1903.71021,1534736.25,,
