Dim 1	Dim 2	6.970	12.700	51.000	102.000	306.000	815.000	1630.000	Fit Error	Fit Parameters
42AlaH	42AlaN	38933104.00	13340258.00	17198526.00	11274250.00	16380931.00	16432229.00	7324539.00	
110ThrH	110ThrN	105174656.00	41778028.00	60860848.00	40048200.00	67778336.00	65084560.00	31050602.00	
82ArgH	82ArgN	40080240.00	11275092.00	20941962.00	15343448.00	25594740.00	28552722.00	18200198.00	
78AlaH	78AlaN	38547580.00	15067685.00	16158845.00	11982104.00	17661812.00	20946994.00	12846286.00	
111LeuH	111LeuN	133532568.00	49066092.00	75408936.00	48594756.00	88301640.00	82818616.00	37917548.00	
79GluH	79GluN	32966448.00	10128186.00	9886508.00	6973645.00	10609069.00	10485769.00	7624970.50	
87HisH	87HisN	138263968.00	48417768.00	79302240.00	53708568.00	116533824.00	123870480.00	89960616.00	
91IleH	91IleN	309356128.00	115408200.00	174548224.00	117233768.00	215311984.00	256701824.00	180821200.00	
116GlyH	116GlyN	44871488.00	18490590.00	24262626.00	11477049.00	22421236.00	23302528.00	11716228.00	
40PheH	40PheN	17546750.00	6583520.50	7706861.50	3133239.50	6374865.00	5670667.50	4291987.00	
138LeuH	138LeuN	14435121.00	4954173.00	2092808.00	797007.50	1897666.25	2158914.50	368506.56	
37IleH	37IleN	32394118.00	10697757.00	16014328.00	13236783.00	18224034.00	17677436.00	12321422.00	
72ThrH	72ThrN	61958152.00	23417802.00	32377648.00	24556084.00	35228288.00	32233002.00	17286854.00	
92AlaH	92AlaN	161707520.00	57994308.00	87896504.00	68497984.00	117352784.00	149626656.00	104122416.00	
209AlaH	209AlaN	84941904.00	30387618.00	32461554.00	20271152.00	33954456.00	37387456.00	18507018.00	
106GlyH	106GlyN	33766228.00	9765179.00	16059738.00	10147118.00	12778045.00	12026833.00	5730268.00	
102SerH	102SerN	62096448.00	21576832.00	34058184.00	24783480.00	38397980.00	35267216.00	17171674.00	
201IleH	201IleN	62365280.00	22118058.00	30739444.00	18928862.00	27915876.00	23437066.00	10228843.00	
94GlyH	94GlyN	162195840.00	59030404.00	94886240.00	69568304.00	138825904.00	150831760.00	107340384.00	
107ThrH	107ThrN	51355720.00	20224246.00	30108480.00	19250860.00	33667712.00	31360256.00	13991090.00	
14AlaH	14AlaN	134769920.00	47042948.00	63759360.00	40260196.00	76982984.00	75651040.00	39129140.00	
80TrpH	80TrpN	20905032.00	9679076.00	11003331.00	6852384.00	15563961.00	21447768.00	13614212.00	
187GluH	187GluN	47788816.00	21349184.00	29449944.00	17133976.00	33204860.00	33029076.00	17243216.00	
119ThrH	119ThrN	46135944.00	18870984.00	20009740.00	11594758.00	19146014.00	26374724.00	8074190.00	
223GlyH	223GlyN	320612864.00	114778208.00	192879280.00	147322112.00	279449568.00	368244224.00	291799104.00	
211LeuH	211LeuN	76019832.00	28274484.00	28744936.00	9799067.00	26206112.00	23850636.00	11512546.00	
115IleH	115IleN	36806516.00	9349475.00	8158786.50	4703672.00	10772226.00	12720598.00	9342528.00	
205LeuH	205LeuN	50450532.00	16123210.00	20344334.00	11355051.00	12206550.00	10774980.00	7418378.50	
225GlyH	225GlyN	104734200.00	39503984.00	69070088.00	48932496.00	134381776.00	153771632.00	143576992.00	
212GluH	212GluN	90871376.00	34151424.00	39923372.00	25401906.00	36480508.00	32740510.00	12432930.00	
20LeuH	20LeuN	41194096.00	16777246.00	20994340.00	12668607.00	16844286.00	15607127.00	10001179.00	
206GlyH	206GlyN	58505240.00	23727834.00	29298260.00	16290120.00	23246994.00	25015566.00	14226719.00	
199LysH	199LysN	51853528.00	19979634.00	15919119.00	8783602.00	11235218.00	7756484.50	3626093.75	
105AlaH	105AlaN	201477472.00	70874992.00	90471328.00	57786588.00	92979816.00	96353848.00	297591936.00	
75GluH	75GluN	43352700.00	18407436.00	25670236.00	19530112.00	31342342.00	32769092.00	19874808.00	
9GlnH	9GlnN	161172416.00	58055604.00	80490840.00	53944328.00	86491184.00	85724832.00	46621592.00	
221ValH	221ValN	129946336.00	45955012.00	83130984.00	46745212.00	83926776.00	81644824.00	49348956.00	
218CysH	218CysN	75033344.00	31448828.00	38464272.00	22978280.00	34086976.00	27479680.00	23324380.00	
31AlaH	31AlaN	32671616.00	13924937.00	13233228.00	8850436.00	11167671.00	8653047.00	6119192.50	
162ArgH	162ArgN	62217892.00	23434180.00	28889362.00	17898230.00	28802820.00	23817622.00	9593842.00	
213GluH	213GluN	83903152.00	28461418.00	37618468.00	25894050.00	34245972.00	27952792.00	11358870.00	
219GlnH	219GlnN	110482296.00	38638820.00	57248008.00	33685272.00	52537968.00	45372368.00	18800984.00	
25LysH	25LysN	28664782.00	9288215.00	8726641.00	7411140.00	6753943.00	7613836.00	5946279.50	
204AlaH	204AlaN	42120308.00	12672361.00	8988145.00	7021103.50	3833711.50	3062124.00	1664794.88	
214MetH	214MetN	74300440.00	28573390.00	36965216.00	23151542.00	35897644.00	30381386.00	13968478.00	
220GlyH	220GlyN	84279656.00	28663264.00	41642636.00	29650590.00	49465688.00	46211344.00	26339308.00	
66MetH	66MetN	51939556.00	17625198.00	25487826.00	16161136.00	25017576.00	28411328.00	17818734.00	
12HisH	12HisN	182137168.00	67535904.00	92963048.00	59351180.00	90742096.00	98263848.00	54857308.00	
55MetH	55MetN	58712636.00	20231692.00	32112118.00	19352612.00	35830356.00	39215652.00	22096264.00	
137GlyH	137GlyN	21648256.00	2644135.00	6569207.50	6553199.00	5261707.50	9925578.00	7838944.00	
71GluH	71GluN	60434700.00	21203396.00	34749020.00	19453210.00	34694348.00	34767544.00	15928369.00	
222GlyH	222GlyN	123755312.00	44676784.00	70057824.00	45781396.00	98214472.00	97232664.00	58773644.00	
30LysH	30LysN	23762514.00	4422192.00	10063924.00	7801616.00	9855463.00	12124570.00	8009539.00	
26ValH	26ValN	56476556.00	24951152.00	26629818.00	19162404.00	27362668.00	29330414.00	15541243.00	
141IleH	141IleN	27307572.00	6909747.50	12700435.00	10318518.00	13766901.00	15491073.00	10135101.00	
118MetH	118MetN	70381624.00	23485900.00	33890736.00	22908924.00	33812876.00	37970672.00	20889196.00	
216ThrH	216ThrN	77449672.00	31028424.00	36589940.00	23905088.00	31552300.00	26482164.00	9807850.00	
129IleH	129IleN	16485692.00	-1891400.75	3975598.75	3365887.00	7595301.00	9182501.00	4239356.00	
19ThrH	19ThrN	59900152.00	22379634.00	31168152.00	20378614.00	29965032.00	27023684.00	14302243.00	
217AlaH	217AlaN	83354368.00	33340800.00	45056916.00	25861684.00	37774516.00	31446330.00	14270831.00	
95GlnH	95GlnN	224687600.00	82248904.00	132478288.00	89128184.00	156807664.00	182714224.00	113870064.00	
52LeuH	52LeuN	34125252.00	7595363.50	12326919.00	8043315.50	12354685.00	15162608.00	8154045.00	
202LeuH	202LeuN	57692684.00	17620798.00	27685176.00	16335019.00	30319482.00	25451450.00	13456481.00	
16SerH	16SerN	116553488.00	41656940.00	57219984.00	37441676.00	57497636.00	55944764.00	28390002.00	
88AlaH	88AlaN	108032168.00	38845756.00	63727292.00	46817664.00	96989784.00	118053920.00	96550384.00	
59ValH	59ValN	47182856.00	19447476.00	27500804.00	18540850.00	28733454.00	30275130.00	16662365.00	
167ArgH	167ArgN	22135734.00	9116861.00	4289236.00	1943029.62	2723143.50	3838051.00	2305533.50	
161PheH	161PheN	73197912.00	27402594.00	32466202.00	20695028.00	34021924.00	33546142.00	16792088.00	
197AspH	197AspN	111230552.00	36177616.00	50651368.00	28038416.00	42404976.00	37345496.00	17170620.00	
121AsnH	121AsnN	156505712.00	58516100.00	88845424.00	57144392.00	97331232.00	100045408.00	53836444.00	
89GlyH	89GlyN	19411270.00	112233992.00	179304496.00	138451280.00	301239072.00	363805280.00	299403360.00	
189LeuH	189LeuN	22168314.00	2988688.50	7320684.00	3910081.00	7049501.00	5450531.50	4786422.00	
3ValH	3ValN	66815064.00	24542008.00	26739362.00	17992056.00	28540708.00	31059516.00	19419310.00	
22AlaH	22AlaN	37357364.00	12463896.00	16493026.00	10511318.00	16259411.00	15505380.00	6733132.00	
68MetH	68MetN	37134460.00	22976140.00	25317090.00	19290520.00	26268820.00	28973040.00	16158068.00	
13GlnH	13GlnN	106296952.00	38156504.00	48303560.00	31872606.00	51583800.00	47689652.00	23644616.00	
15IleH	15IleN	107458792.00	36305132.00	53329536.00	35164128.00	59415756.00	60490828.00	38650180.00	
124IleH	124IleN	28685098.00	10503727.00	12481634.00	4651358.00	11937588.00	13076146.00	9127078.00	
60GlyH	60GlyN	84016136.00	33215574.00	44292672.00	30328758.00	49436924.00	51429240.00	28329150.00	
2IleH	2IleN	138621040.00	53689316.00	79118944.00	48865936.00	92782768.00	86254816.00	44896264.00	
10MetH	10MetN	163598608.00	66057132.00	96277256.00	60059404.00	108977640.00	111241840.00	61361052.00	
198CysH	198CysN	61402880.00	23654298.00	26255636.00	15487080.00	18797752.00	15682938.00	5777062.00	
65AlaH	65AlaN	42256968.00	20320892.00	19964998.00	10596902.00	21049966.00	14494962.00	5665378.00	
6IleH	6IleN	136431248.00	50730596.00	76722712.00	54019900.00	93819960.00	90018536.00	52618096.00	
200ThrH	200ThrN	87874304.00	29153652.00	41858840.00	20230588.00	52688128.00	72405856.00	59217316.00	
127GlyH	127GlyN	40495512.00	16579398.00	27126802.00	17563692.00	29293984.00	26739992.00	11992232.00	
215MetH	215MetN	63346748.00	25385794.00	30238260.00	18660504.00	27251940.00	25881298.00	11823818.00	
231LeuH	231LeuN	492357184.00	193299088.00	332928864.00	228986912.00	550267200.00	690373888.00	675298112.00	
165ValH	165ValN	36100592.00	10197760.00	12186121.00	7567559.50	18202246.00	34949160.00	15791449.00	
128GluH	128GluN	45479696.00	19913014.00	29105936.00	18876704.00	31317866.00	26959500.00	11695406.00	
134IleH	134IleN	57030552.00	19838644.00	31960536.00	18169062.00	31229282.00	29373454.00	14780198.00	
43LeuH	43LeuN	21110146.00	6963495.00	7392630.00	3942065.50	1980240.25	2955921.50	2239611.50	
69LeuH	69LeuN	35230876.00	14203372.00	21141384.00	11848405.00	19887782.00	22607966.00	13825754.00	
21AsnH	21AsnN	54319196.00	16062115.00	26746786.00	20023452.00	28713320.00	34705440.00	20520506.00	
158LysH	158LysN	71366704.00	31945162.00	36579484.00	21578876.00	30916684.00	26552624.00	9894476.00	
7GlnH	7GlnN	90681616.00	34963756.00	44449820.00	31115338.00	53107252.00	55052700.00	30266484.00	
53AsnH	53AsnN	39582984.00	14790604.00	13927152.00	9234502.00	15308801.00	17755840.00	9071185.00	
54ThrH	54ThrN	50212548.00	15557589.00	27793464.00	19936680.00	35790232.00	33340436.00	16436848.00	
5AsnH	5AsnN	137007200.00	48437360.00	74608968.00	48500736.00	91663568.00	82364992.00	45748516.00	
70LysH	70LysN	106728112.00	40352608.00	58453068.00	42525144.00	60201264.00	63501444.00	34411208.00	
32PheH	32PheN	16996324.00	22068500.00	25425912.00	17635490.00	34102812.00	35119280.00	17283528.00	
226HisH	226HisN	67199488.00	23787782.00	40254488.00	28874064.00	82425424.00	97168088.00	89814072.00	
4GlnH	4GlnN	146146608.00	55112964.00	65986088.00	42102256.00	70620672.00	77986208.00	47161576.00	
11ValH	11ValN	58624736.00	23355290.00	29316114.00	18802736.00	29357604.00	34954704.00	20092038.00	
28GluH	28GluN	29757164.00	9995928.00	9683468.00	4273664.00	13536218.00	17784810.00	17368484.00	
46GlyH	46GlyN	76079416.00	26619082.00	31837798.00	18312432.00	31290302.00	28765136.00	14687121.00	
83ValH	83ValN	217170272.00	70286744.00	77516968.00	63258320.00	90631656.00	274350496.00	174004992.00	
143ArgH	143ArgN	43726260.00	14368561.00	17553876.00	10756146.00	16186504.00	18023704.00	11383771.00	
45GluH	45GluN	36202524.00	11702635.00	12032194.00	6623492.50	9517416.00	7594054.00	4459330.00	
156GlyH	156GlyN	77407688.00	26294072.00	37333524.00	21020112.00	27954836.00	17783574.00	9297644.00	
24ValH	24ValN	19691000.00	7124567.50	6695230.50	3807627.25	5972650.00	4994735.00	3620931.50	
74AsnH	74AsnN	39622876.00	16255385.00	22002234.00	11816652.00	21601896.00	23374930.00	13626294.00	
228AlaH	228AlaN	294240096.00	110252960.00	195376608.00	136974944.00	347217888.00	453613728.00	441903392.00	
33SerH	33SerN	53044036.00	20453372.00	26752050.00	18282030.00	34035796.00	39625348.00	21929312.00	
195AsnH	195AsnN	64426852.00	23348190.00	30665244.00	19457562.00	29773036.00	27915402.00	12996256.00	
58ThrH	58ThrN	88887576.00	33444130.00	49678160.00	36759164.00	56414832.00	88454272.00	67640536.00	
67GlnH	67GlnN	56004112.00	23330528.00	35638352.00	20593090.00	41796292.00	45149552.00	31298512.00	
18ArgH	18ArgN	51084060.00	14908011.00	15577000.00	12232946.00	18820722.00	15274049.00	11583284.00	
44SerH	44SerN	45184792.00	11744185.00	18744816.00	12664890.00	17865180.00	15198018.00	6243326.00	
47AlaH	47AlaN	74049264.00	22171022.00	31771550.00	19856262.00	31461318.00	30450902.00	16361290.00	
194AlaH	194AlaN	27418270.00	7871558.50	7399594.50	2485294.50	2316517.50	1935869.50	1075198.75	
96MetH	96MetN	211111056.00	83530624.00	129413152.00	85192384.00	162027504.00	175874624.00	118328344.00	
229ArgH	229ArgN	368114336.00	147869872.00	251558544.00	190517376.00	464286624.00	539951296.00	518143936.00	
48ThrH	48ThrN	76990184.00	32177950.00	41206984.00	26550270.00	43311944.00	41356744.00	17637632.00	
29GluH	29GluN	19075276.00	7603410.00	5276179.00	5626927.00	4653401.50	5946791.00	5713603.00	
97ArgH	97ArgN	143809952.00	51496592.00	80124064.00	56807064.00	101696584.00	110026552.00	66314088.00	
227LysH	227LysN	121161768.00	46738388.00	76718280.00	58516728.00	147144112.00	180750016.00	177607264.00	
183AsnH	183AsnN	19744318.00	10127610.00	9580735.00	5923181.00	7216610.00	6591609.50	3735289.00	
155GlnH	155GlnN	43591496.00	12739561.00	9174924.00	3513819.00	2813482.00	2416106.00	3058296.00	
181ValH	181ValN	154358240.00	54768176.00	83130984.00	54568000.00	93210896.00	89191616.00	51889464.00	
61GlyH	61GlyN	112699368.00	44750132.00	65911088.00	45873364.00	78104224.00	73299176.00	38975252.00	
104IleH	104IleN	17706378.00	4344522.00	1629660.50	1019600.25	4289542.50	3834476.75	1488574.75	
98GluH	98GluN	125219176.00	48599556.00	75184480.00	51582684.00	95402384.00	94371528.00	59433344.00	
193AsnH	193AsnN	8403110.00	9012632.00	5409719.50	2066750.50	8865978.00	8941178.00	4664338.00	
8GlyH	8GlyN	103273376.00	37527104.00	53533160.00	32552982.00	55505696.00	51567048.00	23870774.00	
159GluH	159GluN	84369032.00	29076936.00	37690668.00	23129110.00	31565942.00	20987984.00	8533237.00	
112GlnH	112GlnN	100284288.00	35456756.00	54595160.00	39599000.00	61360592.00	56125300.00	25823096.00	
103AspH	103AspN	39830928.00	12108727.00	20411276.00	10634026.00	17430308.00	15416952.00	7124486.50	
100ArgH	100ArgN	36870360.00	12953892.00	12824836.00	7250109.00	9562876.00	12701155.00	7047629.50	
210ThrH	210ThrN	118856944.00	41144288.00	57795592.00	33887916.00	51874864.00	44841236.00	17815380.00	
77AlaH	77AlaN	18085428.00	2834507.50	3151587.00	1330418.12	2633728.50	1398853.00	670156.25	
113GluH	113GluN	80581088.00	30281538.00	53565512.00	33695652.00	52006304.00	47472600.00	19984986.00	
177AlaH	177AlaN	18275542.00	7224143.50	718411.62	2313693.75	899430.06	425796.50	-123964.88	
101GlyH	101GlyN	27058740.00	10605138.00	15075762.00	9796050.00	18261082.00	16272976.00	8695818.00	
56LeuH	56LeuN	33673336.00	12222923.00	15478370.00	7019814.00	15271686.00	17188734.00	8576460.00	
163AspH	163AspN	47348704.00	18313716.00	20770732.00	13725829.00	23182602.00	21199348.00	8880121.00	
152AspH	152AspN	23543320.00	64228176.00	65282648.00	38983228.00	50238712.00	47229228.00	29686876.00	
27ValH	27ValN	17447642.00	1846308.50	3374618.75	9711905.00	20467756.00	22204032.00	17210746.00	
114GlnH	114GlnN	52874420.00	15098364.00	17332338.00	12119306.00	15260738.00	15863537.00	9048520.00	
120AsnH	120AsnN	76256824.00	29105608.00	41349336.00	26356006.00	44792948.00	41260656.00	19430394.00	
108ThrH	108ThrN	37702508.00	16175665.00	21611096.00	16031952.00	23850144.00	29394388.00	25958368.00	
76GluH	76GluN	24646248.00	6946684.00	7455736.00	5236435.00	8258717.00	12180819.00	10424876.00	
230ValH	230ValN	545541504.00	188451840.00	341243872.00	262526112.00	509535776.00	801101632.00	745857984.00	
109SerH	109SerN	49541936.00	19394286.00	29105200.00	16839854.00	30760772.00	29038806.00	12671578.00	
