SysCode	SeqCode	CcpCode	Resonance 1	Resonance 2	6.970	6.970	12.700	12.700	51.000	51.000	102.000	102.000	306.000	306.000	815.000	815.000	1630.000	1630.000
1	2	Ile	H	N	  8.936	121.412	  8.938	121.406	  8.937	121.418	  8.935	121.411	  8.937	121.417	  8.936	121.408	  8.934	121.411
2	3	Val	H	N	  8.956	123.233	  8.956	123.245	  8.959	123.246	  8.955	123.251	  8.958	123.248	  8.959	123.247	  8.958	123.239
3	4	Gln	H	N	  8.437	122.459	  8.438	122.464	  8.436	122.458	  8.433	122.456	  8.434	122.458	  8.432	122.446	  8.430	122.437
6	5	Asn	H	N	  8.962	124.921	  8.963	124.918	  8.964	124.920	  8.962	124.924	  8.963	124.932	  8.962	124.917	  8.958	124.911
5	6	Ile	H	N	  8.195	117.579	  8.197	117.581	  8.198	117.581	  8.197	117.583	  8.202	117.604	  8.204	117.592	  8.207	117.595
7	7	Gln	H	N	  7.558	118.930	  7.562	118.925	  7.562	118.906	  7.559	118.901	  7.566	118.929	  7.561	118.894	  7.562	118.869
8	8	Gly	H	N	  8.215	108.136	  8.217	108.143	  8.216	108.128	  8.212	108.126	  8.216	108.128	  8.214	108.115	  8.213	108.097
9	9	Gln	H	N	  7.978	120.428	  7.980	120.435	  7.981	120.437	  7.979	120.440	  7.984	120.443	  7.983	120.449	  7.981	120.442
10	10	Met	H	N	  8.539	120.924	  8.541	120.923	  8.541	120.920	  8.538	120.915	  8.540	120.918	  8.539	120.912	  8.536	120.907
11	11	Val	H	N	  9.122	120.268	  9.123	120.244	  9.125	120.253	  9.121	120.250	  9.121	120.244	  9.124	120.232	  9.123	120.222
12	12	His	H	N	  8.780	121.785	  8.781	121.785	  8.780	121.771	  8.778	121.762	  8.780	121.747	  8.778	121.747	  8.777	121.749
13	13	Gln	H	N	  7.990	125.806	  7.991	125.807	  7.992	125.840	  7.989	125.829	  7.998	125.852	  7.994	125.852	  7.991	125.837
14	14	Ala	H	N	  8.368	125.454	  8.372	125.469	  8.371	125.487	  8.369	125.479	  8.374	125.527	  8.373	125.520	  8.372	125.528
15	15	Ile	H	N	  8.326	121.710	  8.326	121.722	  8.328	121.712	  8.326	121.713	  8.329	121.709	  8.328	121.707	  8.323	121.713
16	16	Ser	H	N	  8.521	123.557	  8.523	123.566	  8.523	123.564	  8.522	123.566	  8.527	123.566	  8.524	123.570	  8.520	123.566
17	18	Arg	H	N	  8.007	116.193	  8.009	116.233	  8.020	116.189	  8.018	116.185	  8.021	116.194	  8.022	116.183	  8.041	116.213
18	19	Thr	H	N	  7.728	119.745	  7.730	119.750	  7.733	119.763	  7.731	119.754	  7.736	119.727	  7.734	119.720	  7.733	119.740
19	20	Leu	H	N	  8.070	121.161	  8.073	121.173	  8.074	121.173	  8.072	121.166	  8.079	121.197	  8.079	121.201	  8.078	121.148
190	21	Asn	H	N	  8.623	115.972	  8.622	115.961	  8.628	115.979	  8.626	115.963	  8.626	115.983	  8.627	115.980	  8.616	115.984
20	22	Ala	H	N	  7.802	122.175	  7.806	122.181	  7.799	122.175	  7.796	122.167	  7.798	122.165	  7.796	122.183	      -	      -
20	22	Ala	H	N	      -	      -	      -	      -	      -	      -	      -	      -	      -	      -	      -	      -	  7.787	122.132
191	23	Trp	N	      -	      -	  8.054	120.373	      -	      -	      -	      -	      -	      -	      -	      -	      -	      -
21	24	Val	H	N	  8.320	118.380	  8.316	118.293	  8.320	118.331	  8.318	118.338	  8.320	118.380	      -	      -	      -	      -
22	25	Lys	H	N	  7.769	117.826	  7.772	117.886	  7.776	117.832	  7.772	117.827	  7.763	117.790	  7.768	117.829	  7.758	117.882
23	26	Val	H	N	  7.649	119.566	  7.649	119.573	  7.647	119.575	  7.646	119.592	  7.647	119.573	  7.647	119.587	      -	      -
24	27	Val	H	N	  7.309	120.219	  7.318	120.180	  7.334	120.235	      -	      -	      -	      -	      -	      -	      -	      -
25	28	Glu	H	N	  8.252	119.804	  8.250	119.798	  8.243	119.804	  8.239	119.758	  8.239	119.747	  8.239	119.751	  8.233	119.801
26	29	Glu	H	N	  8.108	116.005	  8.111	116.001	  8.109	115.964	  8.112	116.015	      -	      -	      -	      -	      -	      -
27	30	Lys	H	N	  8.409	115.651	  8.401	115.567	      -	      -	      -	      -	      -	      -	      -	      -	      -	      -
28	31	Ala	H	N	  7.873	123.482	  7.880	123.488	  7.877	123.466	  7.877	123.481	  7.878	123.449	  7.887	123.466	  7.890	123.429
192	32	Phe	H	N	  7.283	112.957	  7.284	112.961	  7.285	113.040	  7.278	113.096	  7.280	113.180	  7.279	113.224	  7.278	113.245
29	33	Ser	H	N	  7.180	114.424	  7.184	114.413	  7.187	114.459	  7.183	114.450	  7.193	114.485	  7.187	114.476	  7.184	114.486
30	35	Glu	H	N	  8.571	115.633	  8.570	115.739	  8.571	115.757	  8.577	115.813	  8.570	115.731	      -	      -	      -	      -
31	36	Val	H	N	  8.271	116.766	  8.272	116.811	  8.270	116.989	  8.274	117.046	  8.275	117.062	  8.278	117.079	  8.273	117.142
32	37	Ile	H	N	  7.508	119.240	  7.505	119.267	  7.508	119.312	  7.504	119.286	  7.506	119.297	  7.507	119.316	  7.502	119.375
33	39	Met	H	N	  7.115	116.228	  7.115	116.241	  7.114	116.194	  7.108	116.202	  7.113	116.156	  7.108	116.134	  7.099	116.129
34	40	Phe	H	N	  8.826	120.754	  8.831	120.745	  8.831	120.769	  8.833	120.763	  8.836	120.816	  8.837	120.814	  8.840	120.798
35	41	Ser	H	N	  8.437	114.689	  8.441	114.600	  8.428	114.613	  8.418	114.622	  8.430	114.668	  8.432	114.665	  8.428	114.656
37	43	Leu	H	N	  7.879	116.629	  7.880	116.615	  7.879	116.629	  7.880	116.585	      -	      -	      -	      -	      -	      -
38	44	Ser	H	N	  7.158	109.438	  7.158	109.419	  7.159	109.435	  7.158	109.423	  7.161	109.410	  7.160	109.382	  7.159	109.340
39	45	Glu	H	N	  7.128	125.382	  7.135	125.397	  7.130	125.402	  7.130	125.380	  7.128	125.382	  7.124	125.372	  7.115	125.434
40	46	Gly	H	N	  9.361	115.616	  9.363	115.625	  9.363	115.632	  9.362	115.639	  9.367	115.660	  9.367	115.664	  9.364	115.673
41	47	Ala	H	N	  7.487	119.888	  7.488	119.894	  7.491	119.908	  7.487	119.895	  7.493	119.908	  7.491	119.906	  7.493	119.893
42	48	Thr	H	N	  8.786	109.123	  8.788	109.118	  8.787	109.119	  8.784	109.132	  8.784	109.125	  8.786	109.128	  8.786	109.134
43	50	Gln	H	N	  8.460	116.065	  8.460	116.101	  8.460	116.083	  8.456	116.085	  8.459	116.075	  8.460	116.061	  8.457	116.067
45	52	Leu	H	N	  8.114	120.023	  8.123	120.016	  8.122	120.013	  8.113	119.985	  8.114	120.023	  8.115	120.023	      -	      -
46	53	Asn	H	N	  8.668	117.917	  8.670	117.937	  8.667	117.894	  8.671	117.903	  8.670	117.911	  8.665	117.907	  8.666	117.875
47	54	Thr	H	N	  8.491	119.970	  8.497	119.919	  8.497	119.978	  8.496	119.974	  8.498	119.989	  8.500	119.989	  8.500	119.990
48	55	Met	H	N	  7.981	120.039	  7.984	120.015	  7.985	119.994	  7.982	119.986	  7.986	119.991	  7.986	119.998	  7.981	120.039
49	56	Leu	H	N	  8.644	121.027	  8.650	120.991	  8.649	120.996	  8.652	121.050	  8.656	121.089	  8.653	121.065	  8.648	121.082
51	58	Thr	H	N	  7.557	111.377	  7.557	111.356	  7.556	111.360	  7.555	111.377	  7.558	111.379	  7.557	111.402	  7.558	111.413
52	59	Val	H	N	  7.402	120.184	  7.403	120.176	  7.400	120.186	  7.396	120.178	  7.399	120.190	  7.392	120.209	  7.385	120.201
193	60	Gly	H	N	  8.337	113.509	  8.339	113.495	  8.339	113.544	  8.337	113.564	  8.343	113.557	  8.343	113.589	  8.344	113.602
53	61	Gly	H	N	  8.326	108.868	  8.329	108.863	  8.328	108.861	  8.324	108.858	  8.338	108.874	  8.332	108.876	  8.335	108.875
55	63	Gln	H	N	  8.461	119.396	  8.463	119.460	  8.468	119.358	  8.463	119.374	  8.472	119.337	      -	      -	      -	      -
57	65	Ala	H	N	  8.091	122.087	  8.091	122.090	  8.092	122.092	  8.091	122.087	  8.093	122.042	  8.091	122.087	  8.090	122.070
58	66	Met	H	N	  8.446	115.594	  8.447	115.589	  8.449	115.625	  8.448	115.616	  8.446	115.617	  8.452	115.621	  8.455	115.633
59	67	Gln	H	N	  8.257	120.519	  8.259	120.542	  8.259	120.569	  8.256	120.564	  8.260	120.576	  8.259	120.614	  8.262	120.688
194	68	Met	H	N	      -	      -	      -	      -	      -	      -	      -	      -	      -	      -	      -	      -	  7.645	119.602
60	69	Leu	H	N	  8.392	122.957	  8.393	123.015	  8.393	122.972	  8.390	122.988	  8.394	123.036	  8.397	123.002	  8.394	122.994
61	70	Lys	H	N	  8.375	119.153	  8.377	119.157	  8.376	119.165	  8.374	119.162	  8.391	119.072	  8.377	119.136	  8.375	119.133
62	71	Glu	H	N	  8.260	118.704	  8.259	118.693	  8.260	118.691	  8.255	118.693	  8.260	118.692	  8.254	118.679	  8.256	118.680
63	72	Thr	H	N	  7.891	117.807	  7.892	117.776	  7.894	117.783	  7.891	117.772	  7.897	117.766	  7.897	117.777	  7.899	117.789
64	73	Ile	H	N	  8.359	121.991	  8.368	122.009	      -	      -	      -	      -	      -	      -	      -	      -	      -	      -
65	74	Asn	H	N	  8.279	116.578	  8.281	116.546	  8.279	116.551	  8.272	116.563	  8.278	116.561	  8.275	116.552	  8.272	116.553
66	75	Glu	H	N	  8.006	121.904	  8.011	121.883	  8.010	121.895	  8.007	121.890	  8.011	121.877	  8.010	121.879	  8.007	121.882
67	76	Glu	H	N	  8.163	120.864	  8.169	120.834	  8.163	120.806	  8.155	120.819	  8.165	120.803	  8.157	120.753	  8.157	120.760
68	77	Ala	H	N	  8.331	124.146	  8.331	124.146	  8.332	124.128	  8.346	124.151	  8.331	124.146	      -	      -	      -	      -
69	78	Ala	H	N	  7.559	119.317	  7.559	119.309	  7.559	119.385	  7.562	119.398	  7.564	119.428	  7.559	119.415	      -	      -
70	79	Glu	H	N	  7.776	121.144	  7.778	121.111	  7.776	121.144	  7.776	121.144	  7.778	121.139	  7.776	121.144	  7.777	121.101
71	80	Trp	H	N	  8.421	121.117	  8.416	121.152	  8.421	121.080	  8.421	121.186	  8.421	121.117	  8.421	121.117	  8.414	121.151
72	81	Asp	H	N	  8.185	119.720	  8.183	119.742	  8.184	119.735	      -	      -	  8.172	119.703	      -	      -	      -	      -
73	82	Arg	H	N	  7.840	120.311	  7.842	120.307	  7.840	120.304	  7.841	120.327	  7.842	120.298	  7.842	120.292	  7.840	120.311
195	83	Val	H	N	  7.478	112.529	  7.480	112.536	  7.479	112.648	  7.479	112.711	  7.478	112.891	  7.477	113.014	  7.477	113.043
74	84	His	H	N	  7.765	118.824	  7.760	118.801	      -	      -	  7.767	118.862	      -	      -	      -	      -	      -	      -
75	86	Val	H	N	  8.290	120.886	  8.290	120.886	  8.291	120.883	  8.291	120.906	  8.289	120.872	  8.290	120.864	  8.291	120.886
76	87	His	H	N	  8.937	125.358	  8.940	125.357	  8.938	125.361	  8.934	125.367	  8.964	125.258	  8.939	125.332	  8.937	125.313
77	88	Ala	H	N	  8.532	127.623	  8.534	127.625	  8.533	127.624	  8.531	127.627	  8.546	127.642	  8.535	127.619	  8.535	127.610
78	89	Gly	H	N	  8.072	109.084	  8.073	109.091	  8.072	109.084	  8.068	109.079	  8.084	109.099	  8.073	109.075	  8.073	109.066
79	91	Ile	H	N	  8.391	122.055	  8.393	122.063	  8.392	122.071	  8.391	122.072	  8.394	122.089	  8.392	122.076	  8.391	122.069
80	92	Ala	H	N	  8.404	130.644	  8.406	130.648	  8.405	130.642	  8.403	130.640	  8.405	130.648	  8.403	130.623	  8.402	130.610
81	94	Gly	H	N	  8.719	112.151	  8.721	112.154	  8.721	112.150	  8.719	112.157	  8.722	112.159	  8.720	112.141	  8.720	112.133
82	95	Gln	H	N	  7.837	119.708	  7.839	119.713	  7.838	119.711	  7.836	119.706	  7.839	119.697	  7.838	119.706	  7.837	119.704
83	96	Met	H	N	  8.591	121.315	  8.593	121.316	  8.593	121.316	  8.591	121.318	  8.591	121.268	  8.591	121.303	  8.589	121.297
84	97	Arg	H	N	  8.771	123.004	  8.773	122.995	  8.772	123.011	  8.770	122.999	  8.774	122.921	  8.772	122.971	      -	      -
85	98	Glu	H	N	  8.775	122.809	  8.776	122.824	  8.777	122.809	  8.772	122.820	      -	      -	      -	      -	  8.771	122.957
86	100	Arg	H	N	  9.830	121.993	  9.833	121.992	  9.830	121.993	  9.830	121.993	  9.830	121.993	  9.830	121.993	  9.832	122.002
87	101	Gly	H	N	 11.681	116.922	 11.685	116.865	 11.681	116.922	 11.681	116.917	 11.682	116.907	 11.681	116.922	 11.682	116.902
88	102	Ser	H	N	  9.328	114.840	  9.331	114.829	  9.331	114.831	  9.326	114.824	  9.329	114.810	  9.330	114.821	  9.328	114.811
89	103	Asp	H	N	  7.394	122.962	  7.393	122.981	  7.397	122.951	  7.394	122.941	  7.395	122.930	  7.394	122.962	  7.393	122.922
90	104	Ile	H	N	  7.427	125.894	  7.422	125.912	  7.441	125.869	      -	      -	  7.427	125.894	      -	      -	      -	      -
196	105	Ala	H	N	  7.000	112.184	  7.001	112.179	  7.003	112.164	  7.001	112.170	  7.005	112.146	  7.002	112.123	      -	      -
196	105	Ala	N	      -	      -	  7.009	111.757	      -	      -	      -	      -	      -	      -	      -	      -	  7.000	112.108
91	106	Gly	H	N	  6.973	102.250	  6.974	102.248	  6.974	102.261	  6.971	102.256	  6.974	102.255	  6.973	102.251	  6.971	102.258
92	107	Thr	H	N	  8.250	113.228	  8.250	113.192	  8.250	113.206	  8.248	113.218	  8.252	113.216	  8.252	113.208	  8.251	113.219
93	108	Thr	H	N	  7.148	106.332	  7.151	106.317	  7.156	106.354	  7.152	106.345	  7.156	106.389	  7.165	106.549	  7.165	106.562
94	109	Ser	H	N	  7.141	112.257	  7.146	112.285	  7.143	112.261	  7.140	112.260	  7.144	112.268	  7.143	112.258	  7.140	112.235
95	110	Thr	H	N	  8.894	112.787	  8.895	112.780	  8.895	112.789	  8.893	112.795	  8.895	112.784	  8.895	112.789	  8.894	112.785
96	111	Leu	H	N	  8.840	122.624	  8.842	122.629	  8.840	122.636	  8.838	122.635	  8.841	122.647	  8.841	122.655	  8.840	122.658
97	112	Gln	H	N	  8.159	115.710	  8.160	115.690	  8.159	115.685	  8.156	115.686	  8.161	115.685	  8.161	115.688	  8.162	115.688
98	113	Glu	H	N	  7.688	120.855	  7.689	120.831	  7.689	120.829	  7.687	120.820	  7.690	120.818	  7.689	120.810	  7.688	120.812
99	114	Gln	H	N	  7.988	117.652	  7.988	117.643	  7.989	117.633	  7.988	117.626	  7.987	117.650	  7.988	117.652	  7.980	117.649
100	115	Ile	H	N	  8.615	117.913	  8.612	117.931	  8.611	117.916	  8.608	117.942	  8.608	117.902	  8.605	117.867	  8.610	117.842
101	116	Gly	H	N	  8.151	111.132	  8.153	111.145	  8.154	111.130	  8.150	111.130	  8.155	111.144	  8.154	111.136	  8.154	111.134
102	117	Trp	H	N	  8.335	121.488	  8.337	121.500	      -	      -	      -	      -	      -	      -	  8.309	121.422	  8.308	121.413
103	118	Met	H	N	  8.481	116.080	  8.488	116.189	  8.488	116.175	  8.486	116.199	  8.494	116.197	  8.494	116.192	  8.485	116.147
104	119	Thr	H	N	  7.856	104.867	  7.855	104.850	  7.856	104.867	  7.854	104.872	  7.858	104.893	  7.857	104.881	  7.856	104.899
105	120	Asn	H	N	  7.139	122.745	  7.141	122.728	  7.141	122.731	  7.138	122.733	  7.142	122.733	  7.141	122.729	  7.139	122.737
106	121	Asn	H	N	  8.056	116.956	  8.057	116.958	  8.057	116.954	  8.055	116.953	  8.059	116.955	  8.057	116.953	  8.055	116.951
107	124	Ile	H	N	  8.320	122.267	  8.320	122.265	  8.320	122.267	  8.314	122.256	  8.314	122.272	  8.314	122.252	  8.313	122.262
108	126	Val	H	N	  9.046	116.059	  9.046	116.075	  9.046	116.079	  9.045	116.013	      -	      -	      -	      -	      -	      -
109	127	Gly	H	N	  7.744	106.189	  7.748	106.184	  7.748	106.173	  7.745	106.179	  7.748	106.181	  7.748	106.180	  7.746	106.178
110	128	Glu	H	N	  7.599	121.310	  7.600	121.273	  7.599	121.281	  7.597	121.281	  7.600	121.285	  7.599	121.277	  7.598	121.275
112	129	Ile	H	N	  8.113	121.459	      -	      -	      -	      -	      -	      -	      -	      -	      -	      -	      -	      -
113	130	Tyr	H	N	  7.259	116.945	  7.259	116.945	  7.264	116.979	  7.256	116.975	      -	      -	      -	      -	      -	      -
114	131	Lys	H	      -	      -	      -	      -	      -	      -	      -	      -	      -	      -	      -	      -	  7.989	116.930
114	131	Lys	H	N	  8.002	116.475	  8.004	116.458	  8.002	116.448	  7.996	116.458	  7.998	116.480	      -	      -	      -	      -
115	132	Arg	H	N	  7.531	118.059	  7.532	118.132	  7.538	118.145	      -	      -	      -	      -	      -	      -	      -	      -
116	133	Trp	H	N	  7.909	122.118	  7.891	122.169	  7.884	122.283	  7.872	122.273	  7.889	122.273	      -	      -	  7.933	121.986
117	134	Ile	H	N	  8.502	118.977	  8.506	118.956	  8.508	118.954	  8.506	118.942	  8.512	118.954	  8.510	118.936	  8.511	118.955
118	135	Ile	H	N	  8.815	121.202	  8.823	121.244	      -	      -	      -	      -	      -	      -	      -	      -	      -	      -
119	136	Leu	H	N	  8.237	122.798	  8.238	122.774	  8.236	122.760	  8.235	122.788	  8.236	122.753	  8.235	122.764	  8.234	122.750
120	137	Gly	H	N	  8.178	108.087	      -	      -	      -	      -	      -	      -	      -	      -	      -	      -	      -	      -
121	138	Leu	H	N	  9.438	122.761	  9.439	122.800	  9.440	122.821	  9.443	122.831	  9.439	122.846	  9.440	122.838	      -	      -
122	139	Asn	H	N	  8.770	117.611	  8.777	117.653	      -	      -	      -	      -	      -	      -	      -	      -	      -	      -
123	140	Lys	H	N	  7.559	119.415	      -	      -	      -	      -	      -	      -	      -	      -	      -	      -	  7.560	119.426
124	141	Ile	H	N	  7.915	120.374	  7.920	120.377	  7.924	120.402	  7.918	120.449	  7.919	120.447	  7.920	120.467	  7.919	120.451
125	142	Val	H	N	  8.546	118.816	      -	      -	      -	      -	      -	      -	      -	      -	      -	      -	      -	      -
126	143	Arg	H	N	  7.578	117.837	  7.583	117.876	  7.581	117.893	  7.584	117.895	  7.605	117.918	  7.598	117.957	  7.592	118.019
127	144	Met	H	N	  7.790	117.911	  7.794	117.798	  7.803	117.856	  7.804	117.819	  7.801	117.881	  7.806	117.894	  7.799	117.858
203	145	Tyr	H	      -	      -	      -	      -	      -	      -	      -	      -	      -	      -	      -	      -	  7.934	118.202
203	145	Tyr	H	N	  7.938	118.226	  7.947	118.132	  7.941	118.156	  7.938	118.166	  7.938	118.226	  7.938	118.226	      -	      -
128	146	Ser	H	N	  7.876	118.164	      -	      -	      -	      -	      -	      -	      -	      -	      -	      -	      -	      -
129	148	Thr	H	N	  8.050	111.315	  8.045	110.967	  8.055	110.976	      -	      -	      -	      -	      -	      -	      -	      -
130	149	Ser	H	N	  8.114	118.243	      -	      -	      -	      -	      -	      -	      -	      -	      -	      -	      -	      -
197	150	Ile	H	N	  8.109	122.652	      -	      -	      -	      -	      -	      -	      -	      -	      -	      -	      -	      -
131	151	Leu	H	N	  7.611	119.029	      -	      -	      -	      -	      -	      -	      -	      -	      -	      -	      -	      -
198	152	Asp	H	N	  7.558	113.916	  7.560	113.899	  7.558	113.946	  7.556	113.979	  7.559	114.059	  7.560	114.103	  7.557	114.135
132	153	Ile	H	N	  7.412	122.150	  7.411	122.223	  7.415	122.268	  7.416	122.188	  7.399	122.238	      -	      -	      -	      -
199	154	Arg	H	N	  8.274	125.160	  8.279	125.179	  8.278	125.179	  8.275	125.195	  8.285	125.240	  8.280	125.191	  8.278	125.162
200	155	Gln	H	N	  7.760	127.154	  7.760	127.160	  7.760	127.207	  7.750	127.238	  7.743	127.257	  7.740	127.360	  7.737	127.333
133	156	Gly	H	N	  9.864	116.766	  9.868	116.776	  9.870	116.791	  9.866	116.781	  9.872	116.788	  9.864	116.766	  9.874	116.778
134	158	Lys	H	N	  8.571	115.109	  8.571	115.095	  8.570	115.092	  8.571	115.104	  8.575	115.088	  8.577	115.079	  8.577	115.071
135	159	Glu	H	N	  7.035	125.842	  7.038	125.851	  7.038	125.831	  7.037	125.816	  7.043	125.811	  7.035	125.842	  7.044	125.777
136	161	Phe	H	N	  9.519	128.265	  9.521	128.232	  9.517	128.302	  9.514	128.341	  9.518	128.427	  9.518	128.451	  9.517	128.454
137	162	Arg	H	N	  9.074	115.781	  9.073	115.788	  9.069	115.766	  9.064	115.746	  9.062	115.748	  9.060	115.731	  9.060	115.713
138	163	Asp	H	N	  6.971	118.883	  6.973	118.903	  6.973	118.900	  6.971	118.883	  6.977	118.872	  6.977	118.874	  6.980	118.871
139	164	Tyr	H	N	  7.566	124.421	  7.581	124.407	  7.583	124.394	  7.565	124.319	  7.555	124.361	  7.547	124.310	  7.547	124.282
201	165	Val	410	411	      -	      -	      -	      -	      -	      -	      -	      -	  8.311	120.184	      -	      -	      -	      -
201	165	Val	H	N	  8.302	120.202	  8.305	120.189	  8.305	120.191	  8.305	120.263	      -	      -	  8.304	120.309	  8.303	120.186
140	166	Asp	H	N	  7.570	118.120	  7.571	118.120	  7.573	118.148	  7.578	118.140	  7.579	118.163	  7.582	118.197	  7.590	118.217
141	167	Arg	H	N	  7.908	119.272	  7.913	119.284	  7.913	119.207	  7.917	119.283	  7.915	119.192	  7.908	119.150	      -	      -
142	170	Lys	H	N	  8.203	120.732	  8.216	120.681	  8.217	120.690	      -	      -	      -	      -	      -	      -	      -	      -
142	170	Lys	N	      -	      -	      -	      -	      -	      -	      -	      -	      -	      -	      -	      -	  8.236	120.710
143	171	Thr	H	N	  7.631	117.366	  7.631	117.366	  7.640	117.240	  7.641	117.175	      -	      -	  7.631	117.366	  7.630	117.113
205	173	Arg	H	N	  7.777	116.300	      -	      -	      -	      -	      -	      -	      -	      -	      -	      -	      -	      -
144	177	Ala	H	N	  7.600	124.426	  7.608	124.478	  7.603	124.478	      -	      -	      -	      -	      -	      -	      -	      -
209	179	Gln	H	N	  9.000	121.394	  9.000	121.466	  9.000	121.419	  8.997	121.380	  9.000	121.394	  9.000	121.394	  8.999	121.351
145	180	Glu	H	N	  8.666	118.250	      -	      -	      -	      -	      -	      -	      -	      -	      -	      -	      -	      -
146	181	Val	H	N	      -	      -	  7.359	120.652	  7.354	120.660	  7.350	120.654	  7.354	120.646	  7.348	120.645	      -	      -
147	183	Asn	H	N	  8.635	119.354	  8.636	119.373	  8.637	119.342	  8.637	119.337	  8.635	119.288	  8.639	119.231	  8.630	119.122
148	184	Trp	H	N	  7.714	122.941	      -	      -	      -	      -	      -	      -	      -	      -	      -	      -	      -	      -
149	185	Met	H	N	  9.097	120.286	  9.092	120.299	  9.093	120.255	  9.088	120.225	      -	      -	      -	      -	      -	      -
150	186	Thr	H	N	  8.135	112.114	  8.138	112.096	  8.146	112.232	      -	      -	      -	      -	      -	      -	      -	      -
151	187	Glu	H	N	  7.718	118.767	  7.721	118.759	  7.720	118.754	  7.717	118.757	  7.721	118.727	  7.717	118.729	  7.714	118.726
152	188	Thr	H	N	  7.795	111.697	  7.795	111.697	  7.798	111.775	      -	      -	      -	      -	      -	      -	      -	      -
153	189	Leu	H	N	  7.510	120.926	  7.510	120.926	  7.511	120.952	  7.501	120.932	  7.506	120.902	  7.501	120.902	  7.499	120.890
154	190	Leu	H	N	  6.940	120.793	      -	      -	      -	      -	      -	      -	      -	      -	      -	      -	      -	      -
211	192	Gln	H	N	  7.479	116.548	  7.484	116.581	      -	      -	      -	      -	      -	      -	      -	      -	      -	      -
155	193	Asn	H	N	  7.865	114.907	  7.869	114.907	  7.864	114.911	  7.865	114.904	  7.866	114.887	  7.867	114.890	  7.866	114.897
156	194	Ala	H	N	  7.305	124.831	  7.304	124.795	  7.305	124.831	  7.298	124.797	  7.305	124.831	  7.311	124.825	  7.310	124.799
157	195	Asn	H	N	  9.087	119.364	  9.088	119.363	  9.086	119.347	  9.083	119.320	  9.083	119.303	  9.081	119.287	  9.079	119.290
158	197	Asp	H	N	  7.723	115.515	  7.723	115.504	  7.722	115.494	  7.719	115.492	  7.723	115.474	  7.720	115.465	  7.720	115.456
160	198	Cys	H	N	  8.567	116.650	  8.571	116.640	  8.568	116.638	  8.566	116.657	  8.568	116.655	  8.574	116.642	  8.577	116.603
159	199	Lys	H	N	  9.483	121.772	  9.485	121.769	  9.483	121.803	  9.483	121.772	  9.486	121.806	  9.483	121.772	  9.478	121.749
161	200	Thr	H	N	  7.592	113.098	  7.595	113.097	  7.590	113.072	  7.584	113.042	  7.579	113.036	  7.576	113.031	  7.577	113.014
162	201	Ile	H	N	  6.780	122.550	  6.783	122.582	  6.782	122.549	  6.780	122.550	  6.785	122.539	  6.785	122.536	  6.784	122.525
212	203	Lys	H	N	  8.436	118.629	      -	      -	      -	      -	      -	      -	      -	      -	      -	      -	      -	      -
164	204	Ala	H	N	  7.133	120.063	  7.137	120.065	  7.142	120.092	  7.147	120.109	  7.156	120.130	  7.160	120.143	  7.163	120.147
165	205	Leu	H	N	  7.460	118.160	  7.459	118.165	  7.463	118.167	  7.462	118.179	  7.470	118.177	  7.471	118.160	  7.470	118.165
166	206	Gly	H	N	  7.430	104.533	  7.431	104.535	  7.432	104.533	  7.428	104.536	  7.426	104.510	  7.420	104.502	  7.412	104.491
167	208	Ala	H	N	  8.392	121.568	  8.392	121.555	  8.395	121.639	  8.392	121.568	  8.401	121.618	  8.402	121.626	      -	      -
168	209	Ala	H	N	  7.170	122.991	  7.170	122.987	  7.179	122.984	  7.186	122.991	  7.199	122.970	  7.204	122.952	  7.205	122.923
169	210	Thr	H	N	  8.552	113.208	  8.554	113.207	  8.557	113.230	  8.556	113.246	  8.559	113.250	  8.562	113.260	  8.562	113.265
170	211	Leu	H	N	  8.898	122.663	  8.900	122.656	  8.879	122.675	  8.878	122.705	      -	      -	      -	      -	      -	      -
171	212	Glu	H	N	  8.556	117.618	  8.558	117.617	  8.555	117.611	  8.550	117.618	  8.552	117.626	  8.551	117.635	  8.551	117.644
172	213	Glu	H	N	  7.769	120.534	  7.770	120.545	  7.772	120.545	  7.768	120.540	  7.772	120.553	  7.772	120.565	  7.769	120.543
173	214	Met	H	N	  8.550	120.316	  8.551	120.295	  8.552	120.302	  8.549	120.304	  8.552	120.294	  8.550	120.282	  8.547	120.286
174	215	Met	H	N	  8.759	117.008	  8.760	117.004	  8.766	117.005	  8.765	117.005	  8.775	117.012	  8.780	117.013	  8.777	117.001
175	216	Thr	H	N	  8.365	117.013	  8.366	117.017	  8.367	117.016	  8.365	117.031	  8.370	117.023	  8.371	117.026	  8.368	117.036
176	217	Ala	H	N	  7.986	122.890	  7.987	122.894	  7.987	122.895	  7.981	122.884	  7.984	122.898	  7.983	122.883	  7.979	122.888
177	218	Cys	H	N	  7.414	111.088	  7.416	111.084	  7.413	111.095	  7.410	111.100	  7.411	111.093	  7.408	111.081	  7.409	111.087
178	219	Gln	H	N	  7.511	122.533	  7.512	122.536	  7.512	122.538	  7.510	122.543	  7.513	122.544	  7.511	122.555	  7.505	122.563
179	220	Gly	H	N	  8.712	110.051	  8.713	110.060	  8.712	110.056	  8.711	110.062	  8.713	110.087	  8.715	110.093	  8.717	110.114
180	221	Val	H	N	  7.356	120.655	      -	      -	      -	      -	      -	      -	      -	      -	      -	      -	  7.346	120.639
181	222	Gly	H	N	  8.727	115.867	  8.729	115.863	  8.728	115.871	  8.725	115.874	  8.734	115.857	  8.728	115.875	  8.730	115.879
182	223	Gly	H	N	  8.007	108.356	  8.010	108.357	  8.007	108.359	  8.004	108.358	  8.007	108.366	  8.005	108.356	  8.004	108.352
183	225	Gly	H	N	  8.549	109.146	  8.550	109.148	  8.550	109.149	  8.548	109.148	  8.549	109.130	  8.549	109.142	  8.549	109.135
184	226	His	H	N	  8.153	119.822	  8.154	119.818	  8.153	119.829	  8.148	119.826	      -	      -	  8.155	119.794	  8.157	119.777
185	227	Lys	H	N	  8.246	123.537	  8.248	123.542	  8.246	123.537	  8.243	123.534	  8.260	123.518	  8.246	123.508	  8.247	123.501
186	228	Ala	H	N	  8.277	125.507	  8.278	125.509	  8.277	125.504	  8.275	125.490	  8.286	125.531	  8.277	125.490	  8.277	125.480
187	229	Arg	H	N	  8.308	121.070	  8.310	121.078	  8.309	121.074	  8.306	121.068	  8.312	121.076	  8.308	121.056	  8.307	121.048
188	230	Val	H	N	  8.235	123.133	  8.237	123.131	  8.236	123.123	  8.234	123.116	  8.236	123.107	  8.234	123.076	  8.232	123.052
189	231	Leu	H	N	  7.905	131.843	  7.907	131.839	  7.906	131.821	  7.903	131.815	  7.906	131.795	  7.903	131.774	  7.902	131.743
